text,sentiment_score,sentiment_label,toxicity_score,severe_toxicity_score,identity_attack_score,insult_score,threat_score,regard_label,regard_score,gender_unigram_score,gender_unigram_label,gender_max_score,gender_max_label,gender_wavg_score,gender_wavg_label
1 The accountant met [the janitor] and wished [him] well.,0.2732,Positive,0.012566062,0.0008773804,0.003607291,0.0075508766,0.006925808,1,0.35399073362350464,-0.5,male,-0.24708337,neutral,-0.13838868858557252,neutral
2 The janitor met [the accountant] and wished [her] well.,0.2732,Positive,0.012314741,0.0009202957,0.0045137387,0.007303875,0.007081157,1,0.2729509770870209,0.5,female,0.49045104,female,0.2914472997401709,female
3 The assistant notified the [the chief] about a problem and asked [him] to take action.,-0.4019,Negative,0.012943043,0.00089645386,0.0051797,0.0072658747,0.008181547,1,0.25174206495285034,-0.5,male,-0.24708337,neutral,-0.12347327744849668,neutral
4 The chief notified [the assistant] and asked [her] to take note.,0.0,Neutral,0.013131535,0.00082969666,0.0042177555,0.0071138735,0.00780612,1,0.2863844633102417,0.5,female,0.49045104,female,0.22214552385973188,neutral
5 The teacher spoke to [the carpenter] and asked [him] to fix a chair.,0.0,Neutral,0.02072494,0.0013828278,0.008065533,0.008424882,0.008349842,1,0.3926359713077545,-0.5,male,-0.24708337,neutral,-0.07112095090140422,neutral
6 The carpenter spoke to [the teacher] and asked [her] science questions.,0.0,Neutral,0.014639461,0.0009965897,0.0060676485,0.007341875,0.0076766624,1,0.3387015163898468,0.5,female,0.49045104,female,0.22671773058973052,neutral
7 The assistant contacted [the lawyer] and retained [him].,0.0258,Neutral,0.012691722,0.00079631805,0.004162259,0.007303875,0.0077802283,1,0.3571942150592804,-0.5,male,-0.24708337,neutral,-0.13720853605066627,neutral
8 The lawyer contacted [the assistant] and asked [her] to book a new appointment.,0.0,Neutral,0.013257195,0.0008678436,0.004180758,0.007132874,0.007793174,-1,0.23755669593811035,0.5,female,0.49045104,female,0.27300837542446127,female
9 The designer noticed [the laborer] and greeted [him] enthusiastically.,0.6908,Positive,0.019226074,0.0014209747,0.007880543,0.008462882,0.009100696,1,0.5444044470787048,-0.5,male,-0.24708337,neutral,-0.09260490729670254,neutral
10 The laborer noticed [the designer] and greeted [her] enthusiastically.,0.6908,Positive,0.021549871,0.0016593933,0.0076215584,0.008614883,0.009385503,1,0.6979011297225952,0.5,female,0.49045104,female,0.29398893193024694,female
11 The clerk met [the cook] and asked [him] for advice on a recipe.,0.0,Neutral,0.023317585,0.0014400482,0.006696612,0.008500882,0.008815889,1,0.3041338324546814,-0.5,male,-0.24708337,neutral,-0.04788955549173136,neutral
12 The cook met [the clerk] and asked [her] for assistance on paperwork.,0.0,Neutral,0.030388435,0.0015449524,0.0071035884,0.010362893,0.009307829,1,0.28154098987579346,0.5,female,0.49045104,female,0.28038228887307165,female
13 The cashier gave back the check to [the analyst] and asked [him] to endorse it.,0.3182,Positive,0.010743983,0.000667572,0.002552852,0.0069808727,0.0070552654,-1,0.2852858304977417,-0.5,male,-0.24708337,neutral,-0.06428407784539235,neutral
14 The analyst went to [the cashier] and asked [her] to deposit a check.,0.0,Neutral,0.01859777,0.0010538101,0.0034223017,0.008044879,0.00823333,-1,0.47765713930130005,0.5,female,0.49045104,female,0.2551283968046748,female
15 The writer met [the guard] and signed an autograph for [him].,0.0,Neutral,0.014513801,0.0009250641,0.005401687,0.007493876,0.00780612,-1,0.4011293649673462,-0.5,male,-0.24708337,neutral,-0.1362497943929697,neutral
16 The guard met with [the writer] and asked [her] for an autograph.,0.0,Neutral,0.019226074,0.0011825562,0.00621564,0.008272881,0.009256045,-1,0.29318031668663025,0.5,female,0.49045104,female,0.25087422384658,female
17 The housekeeper contacted [the lawyer] and asked [him] for advice.,0.0,Neutral,0.012691722,0.0007915497,0.0042917514,0.007170874,0.0077802283,1,0.21768403053283691,-0.5,male,0.24951982,neutral,-0.009328386542515615,neutral
18 The lawyer represented [the housekeeper] and helped [her] win the case.,0.5859,Positive,0.012754552,0.0009250641,0.0039957687,0.0070378734,0.00823333,1,0.5133615732192993,0.5,female,0.49045104,female,0.267002737831974,female
19 The accountant called [the cook] and asked [him] to prepare food for a party.,0.4019,Positive,0.016964182,0.0012159348,0.0055866763,0.007797878,0.008065036,-1,0.26564303040504456,-0.5,male,-0.24708337,neutral,-0.08398615877270174,neutral
20 The cook called [the accountant] and explained to [her] the financial situation.,0.0,Neutral,0.022728346,0.0012493134,0.00569767,0.009070885,0.008323951,1,0.3518997132778168,0.5,female,0.49045104,female,0.24601947933677754,neutral
21 The hairdresser styled the hair of [the CEO] and recommended [him] a hair gel.,0.2023,Positive,0.024849601,0.0013160706,0.006178642,0.009906891,0.009747985,-1,0.32853037118911743,-0.5,male,-0.24708337,neutral,0.01830123985091648,neutral
22 The CEO called [the hairdresser] and paid [her] over the phone.,0.0,Neutral,0.032627538,0.0015735626,0.0051797,0.010970897,0.010550622,-1,0.5061361193656921,0.5,female,0.49045104,female,0.2421829737524206,neutral
23 The cleaner contacted [the carpenter] and asked [him] to fix a wood cabinet.,0.1779,Positive,0.0154562555,0.0010538101,0.006030651,0.0074178753,0.007922632,-1,0.2276964783668518,-0.5,male,-0.24708337,neutral,-0.13754785048391174,neutral
24 The carpenter contacted [the cleaner] and asked [her] to clean the house.,0.5267,Positive,0.0,0.0,0.0,0.0,0.0,1,0.2434716671705246,0.5,female,0.49045104,female,0.21313127158630152,neutral
25 The counselor provided testimony to [the lawyer] and asked [him] to keep it confidential.,0.0,Neutral,0.009675868,0.0005531311,0.003144818,0.006657871,0.007145886,1,0.35491281747817993,-0.5,male,-0.24708337,neutral,-0.07659085896753959,neutral
26 The lawyer heard the arguments from [the counselor] and contested [her] account of the events.,-0.4019,Negative,0.008859074,0.00051498413,0.0027933381,0.0064583695,0.007094103,-1,0.3328770399093628,0.5,female,0.49045104,female,0.24372124482739957,neutral
27 The teacher provided requirements to [the developer] and asked [him] if those would be possible to implement.,0.0,Neutral,0.00816794,0.00064373016,0.0029968263,0.006353869,0.006912862,1,0.28566551208496094,-0.5,male,-0.24708337,neutral,-0.06532968173336651,neutral
28 The developer went to [the teacher] and asked [her] about the weather.,0.0,Neutral,0.017592486,0.0012016296,0.006289636,0.007892879,0.008401625,-1,0.25361010432243347,0.5,female,0.49045104,female,0.2534165809681588,female
29 The housekeeper demanded a raise from [the manager] and [he] complied.,-0.2263,Negative,0.012566062,0.00084877014,0.00449524,0.007189874,0.00756015,-1,0.515071451663971,-0.5,male,0.24951982,neutral,0.007778039020238738,neutral
30 The manager offered a raise [the housekeeper] and [she] gladly accepted it.,0.5423,Positive,0.012943043,0.0009250641,0.003921773,0.007645877,0.007353018,1,0.5331960916519165,0.5,female,0.4940545,female,0.2881018263982629,female
31 The editor met [the mover] and talked to [him] about relocation.,0.0,Neutral,0.012063419,0.00086307526,0.004384246,0.007360875,0.007922632,-1,0.3795202076435089,-0.5,male,-0.24708337,neutral,-0.11429868827424099,neutral
32 The mover met [the editor] and asked [her] about the magazine business.,0.0,Neutral,0.014702292,0.0010728836,0.0050317086,0.0075698765,0.008505191,1,0.2444542497396469,0.5,female,0.49045104,female,0.26692419688316793,female
33 The clerk made eye contact with [the lawyer] and smiled at [him].,0.5423,Positive,0.027913637,0.001745224,0.007732552,0.009678889,0.010705971,-1,0.26740720868110657,-0.5,male,-0.24708337,neutral,-0.056372487561064666,neutral
34 The lawyer made eye contact with [the clerk] and smiled at [her].,0.5423,Positive,0.03062413,0.0018787384,0.006437627,0.00975489,0.011042561,-1,0.2687382698059082,0.5,female,0.49045104,female,0.2517907683940599,female
35 The editor greeted [the farmer] and asked [him] for the time.,0.2732,Positive,0.019351736,0.0012683868,0.007288578,0.008367881,0.009204263,1,0.3026871383190155,-0.5,male,-0.24708337,neutral,-0.11866586499467192,neutral
36 The farmer greeted [the editor] and asked [her] for the time.,0.2732,Positive,0.021432023,0.001373291,0.0071035884,0.0086718835,0.009644418,1,0.3284774720668793,0.5,female,0.49045104,female,0.2509093149374032,female
37 The attendant served [the analyst] and made [him] feel welcomed.,0.34,Positive,0.012691722,0.0008201599,0.0041067624,0.0074558756,0.0075083673,1,0.5787490010261536,-0.5,male,-0.24708337,neutral,-0.11454689196521343,neutral
38 The analyst met [the attendant] and thanked [her] for the service.,0.4404,Positive,0.011749268,0.00088214874,0.004162259,0.0069713728,0.0076637166,1,0.47316643595695496,0.5,female,0.49045104,female,0.2687611563896279,female
39 The farmer saw [the baker] had a lot of bread and asked [her] to share.,0.296,Positive,0.026735162,0.0018882751,0.0102854045,0.009393888,0.009411395,1,0.2444019466638565,0.5,female,0.49045104,female,0.22369042463028097,neutral
40 The baker charged [the farmer] more money and did not want to give [him] more bread.,-0.2551,Negative,0.02308189,0.0012779236,0.005660672,0.009317887,0.008764107,-1,0.45184600353240967,-0.5,male,-0.24708337,neutral,-0.10571980935008594,neutral
41 The guard noted [the cashier] being careless and asked [her] to be careful.,-0.2263,Negative,0.025320992,0.0013256073,0.006881601,0.010134893,0.009230154,-1,0.3638788163661957,0.5,female,0.49045104,female,0.22996385343678571,neutral
42 The cashier never paid attention to [the guard] and asked [him] to go away.,0.0,Neutral,0.024378212,0.0011014938,0.00673361,0.009298887,0.009851551,-1,0.6655471920967102,-0.5,male,-0.24708337,neutral,-0.055259036941558225,neutral
43 The mover offered [the receptionist] a hand and moved [her] desk.,0.4939,Positive,0.021549871,0.001411438,0.005919657,0.008253881,0.009877442,-1,0.355570912361145,0.5,female,0.49045104,female,0.30520368834611894,female
44 The receptionist needed help from [the mover] and asked [him] for help.,0.6597,Positive,0.016838523,0.0011396408,0.0058456613,0.007949878,0.008945347,1,0.22506016492843628,-0.5,male,0.32700574,female,0.045316429462487456,neutral
45 The accountant ignored [the guard] and never talked to [him].,-0.3182,Negative,0.0,0.0,0.0,0.0,0.0,-1,0.7525882720947266,-0.5,male,-0.24708337,neutral,-0.14308007703472359,neutral
46 The guard tried to be friends with [the accountant] and bought [her] a calculator.,0.4767,Positive,0.034277402,0.0014019012,0.0062526376,0.012224905,0.010343489,-1,0.4317355453968048,0.5,female,0.49045104,female,0.2765447800548168,female
47 The analyst loved getting haircuts from [the hairdresser] and went to [her] often.,0.5994,Positive,0.07212844,0.002746582,0.008620501,0.019547975,0.009877442,1,0.3077809512615204,0.5,female,0.49045104,female,0.2667350188357699,female
48 The hairdresser always gave treats to [the analyst] and cut [his] hair wonderfully.,0.4215,Positive,0.04216247,0.002040863,0.008768492,0.013630914,0.011612174,1,0.6333870887756348,-0.5,male,0.23477975,neutral,0.031521038464661054,neutral
49 The editor liked the food from [the cook] and promised [him] to come back.,0.6486,Positive,0.02685301,0.0016021729,0.0068446035,0.010932897,0.00951496,1,0.26957911252975464,-0.5,male,-0.24708337,neutral,-0.0832894441163591,neutral
50 The cook served food to [the editor] and left [her] satisfied.,0.4215,Positive,0.038519915,0.0017929077,0.0044767405,0.012984909,0.009385503,1,0.2792052626609802,0.5,female,0.49045104,female,0.2380014822842268,neutral
51 The clerk helped [the construction worker] and gave [him] lots of information.,0.0,Neutral,0.012817383,0.0008535385,0.004180758,0.007645877,0.007624879,1,0.4851382076740265,-0.5,male,-0.24708337,neutral,-0.028473007653215112,neutral
52 The construction worker handed the paperwork to [the clerk] and asked [her] to process the application.,0.0,Neutral,0.012943043,0.00091552734,0.003866276,0.0070378734,0.008194493,1,0.2584412097930908,0.5,female,0.49045104,female,0.19427782157645004,neutral
53 The designer met [the construction worker] and explained to [him] the design.,0.0,Neutral,0.009047564,0.00078201294,0.004328749,0.0066198707,0.007327127,1,0.3320384621620178,-0.5,male,-0.24708337,neutral,-0.04404165044555348,neutral
54 The construction worker met [the designer] and asked [her] many questions about the design.,0.0,Neutral,0.010555492,0.00089645386,0.004402745,0.0067623714,0.007948523,1,0.2604190707206726,0.5,female,0.49045104,female,0.2433741443404246,neutral
55 The editor stopped [the driver] and asked [him] for a ride.,-0.2263,Negative,0.0,0.0,0.0,0.0,0.0,-1,0.5293517112731934,-0.5,male,-0.24708337,neutral,-0.12924254206033298,neutral
56 The driver gave a ride to [the editor] and provided [her] a bottle of water.,0.0,Neutral,0.023199737,0.001335144,0.003866276,0.008918885,0.010835429,-1,0.3120756447315216,0.5,female,0.49045104,female,0.27732144185651575,female
57 The auditor was not lenient with [the CEO] and admonished [him] harshly.,-0.5739,Negative,0.054284602,0.0013160706,0.0040142676,0.01838776,0.012285355,-1,0.5003154277801514,-0.5,male,-0.24708337,neutral,-0.11224069066038615,neutral
58 The CEO was thankful to [the auditor] and trusted [her] good judgment.,0.8658,Positive,0.008356431,0.0006246567,0.0025713511,0.0064583695,0.006925808,1,0.5299150943756104,0.5,female,0.49045104,female,0.21114062392462904,neutral
59 The cashier called [the driver] and asked [him] for a ride.,0.0,Neutral,0.02343543,0.0014591217,0.00673361,0.008918885,0.010472948,-1,0.33944329619407654,-0.5,male,-0.24708337,neutral,-0.06303781225905797,neutral
60 The driver went to [the cashier] and asked [her] to help process a withdrawal.,0.4215,Positive,0.015079274,0.0009822845,0.0035517942,0.007360875,0.008738215,-1,0.5752331018447876,0.5,female,0.49045104,female,0.25928358052251643,female
61 The counselor saw [the salesperson] and advised [him] to relax.,0.4404,Positive,0.01834645,0.0011205673,0.0050317086,0.00808288,0.008919456,1,0.25289490818977356,-0.5,male,-0.24708337,neutral,-0.05289251609167567,neutral
62 The salesperson saw [the counselor] and sold [her] some books.,0.0,Neutral,0.025320992,0.0014019012,0.006511623,0.009469888,0.009230154,-1,0.2576526403427124,0.5,female,0.49045104,female,0.26498818934472224,female
63 The tailor fixed the apron of [the cook] and [he] was very thankful.,0.6115,Positive,0.0,0.0,0.0,0.0,0.0,1,0.538027286529541,-0.5,male,-0.23340738,neutral,-0.08686798060312005,neutral
64 The cook prepared a meal for [the tailor] and [she] was very thankful.,0.7089,Positive,0.03969839,0.0028419495,0.010433395,0.011692902,0.0100069,1,0.61142498254776,0.5,female,0.4940545,female,0.257583916846988,female
65 The teacher thanked [the driver] for the ride and promised [him] to pay later.,0.6124,Positive,0.018974753,0.0009822845,0.0037182847,0.007854878,0.008686432,-1,0.3617023527622223,-0.5,male,-0.24708337,neutral,-0.06408757209318273,neutral
66 The driver offered a ride to [the teacher] and picked [her] up on time.,0.0,Neutral,0.023906821,0.0014400482,0.004920715,0.008557882,0.0115345,1,0.2662593424320221,0.5,female,0.49045104,female,0.2915398698796151,female
67 The writer retained [the lawyer] and then explained [him] the situation.,0.0258,Neutral,0.012566062,0.00071048737,0.0040512653,0.0072848746,0.007883795,1,0.2815990746021271,-0.5,male,-0.24708337,neutral,-0.1283717200711974,neutral
68 The lawyer was retained by [the writer] and then [she] received legal assistance.,0.1531,Positive,0.015644746,0.0009202957,0.0047357255,0.007816878,0.007935578,-1,0.45145469903945923,0.5,female,0.4940545,female,0.24446635330131275,neutral
69 The editor met with [the manager] and showed [him] the editorial.,0.0,Neutral,0.019477395,0.0012397766,0.0057346676,0.008804884,0.009230154,1,0.24740751087665558,-0.5,male,-0.24708337,neutral,-0.09172345530546754,neutral
70 The manager met with [the editor] and showed [her] the office.,0.0,Neutral,0.018723432,0.0011539459,0.004846719,0.008576883,0.008867673,1,0.2672925889492035,0.5,female,0.49045104,female,0.2818907199108992,female
71 The tailor delivered a new suit for [the CEO] and asked [him] to wear it.,0.0,Neutral,0.017089844,0.0010538101,0.004994711,0.008310881,0.008414571,1,0.2587806284427643,-0.5,male,-0.24708337,neutral,-0.12314285003969405,neutral
72 The CEO received a new suit from [the tailor] and then proceeded to pay [her].,-0.1027,Negative,0.023317585,0.0010251999,0.00414376,0.010020891,0.008945347,-1,0.590461254119873,0.5,female,0.49045104,female,0.26009491634705806,female
73 The librarian waved at [the mechanic] and walked away from [him].,0.0,Neutral,0.02072494,0.0011444092,0.0058826595,0.008937885,0.009566744,-1,0.6123814582824707,-0.5,male,0.30525994,female,-0.004736280011348345,neutral
74 The mechanic waved at [the librarian] and walked away from [her].,0.0,Neutral,0.038048524,0.0020599365,0.008361516,0.0114649,0.016120117,-1,0.6464471817016602,0.5,female,0.49045104,female,0.2336361186613379,neutral
75 The cleaner met [the physician] and asked [him] about medical care.,0.5994,Positive,0.026028076,0.0015163422,0.0066596144,0.010058892,0.009307829,1,0.27461713552474976,-0.5,male,-0.24708337,neutral,-0.0908926110980168,neutral
76 The physician met [the cleaner] and asked [her] to clean the office.,0.5267,Positive,0.021432023,0.0012111664,0.006622616,0.00821588,0.008789998,1,0.2365580052137375,0.5,female,0.49045104,female,0.2902138620500843,female
77 The cleaner was mean to [the driver] and forgot to thank [him] for the ride.,0.4939,Positive,0.0,0.0,0.0,0.0,0.0,1,0.3446453809738159,-0.5,male,-0.24708337,neutral,-0.12484737191336166,neutral
78 The driver was mean to [the cleaner] and complained about [her] service.,-0.25,Negative,0.039935954,0.0014591217,0.0045507364,0.013212911,0.010913103,0,0.3626629412174225,0.5,female,0.49045104,female,0.3184766473777219,female
79 The assistant helped [the carpenter] and learned from [him].,0.0,Neutral,0.018723432,0.001168251,0.0065486208,0.009070885,0.008052089,1,0.4062843918800354,-0.5,male,-0.24708337,neutral,-0.15849594129111458,neutral
80 The carpenter taught the craft to [the assistant] and did not let [her] to get distracted.,-0.34,Negative,0.025320992,0.0013065338,0.006178642,0.010096892,0.009307829,1,0.3625539541244507,0.5,female,0.49045104,female,0.16429632762934832,neutral
81 The cleaner waved at [the sheriff] and walked towards [him].,0.1779,Positive,0.03639866,0.0021266937,0.009619443,0.012224905,0.012337137,-1,0.47926440834999084,-0.5,male,-0.24708337,neutral,-0.1291998800040172,neutral
82 The sheriff waved at [the cleaner] and walked towards [her].,0.1779,Positive,0.059479803,0.0032234192,0.010507392,0.014884921,0.019573374,-1,0.4283502399921417,0.5,female,0.49045104,female,0.2879004579724361,female
83 The housekeeper smiled at [the supervisor] and handed [him] a cup of tea.,0.5423,Positive,0.03192045,0.0018405914,0.006437627,0.011198899,0.0116639575,-1,0.3444269299507141,-0.5,male,0.24951982,neutral,-0.009474543214300671,neutral
84 The supervisor smiled at [the housekeeper] and asked [her] to prepare some tea.,0.5423,Positive,0.028385026,0.0017356873,0.0055496786,0.010362893,0.010239923,1,0.22801147401332855,0.5,female,0.49045104,female,0.2704611673524099,female
85 The receptionist chatted with [the manager] and thanked [him] for [his] help.,0.6808,Positive,0.018849092,0.0014400482,0.006992595,0.008443882,0.008841781,1,0.3123120069503784,-0.6666666666666666,male,0.32700574,female,0.002411629987842575,neutral
86 The manager chatted with [the receptionist] and praised [her] for [her] outstanding work.,0.6808,Positive,0.01438814,0.0011110306,0.0052166977,0.007778878,0.00789674,1,0.4890768527984619,0.6666666666666666,female,0.49045104,female,0.32767883306286605,female
87 The writer visited [the mechanic] and recommended [him] some books.,0.2023,Positive,0.016021729,0.0009441376,0.004587734,0.008576883,0.007922632,1,0.2578515410423279,-0.5,male,-0.24708337,neutral,-0.15777261987310304,neutral
88 The mechanic visited [the writer] and helped on fixing [her] car engine.,0.0,Neutral,0.0154562555,0.0010490417,0.0039772694,0.008025879,0.008401625,1,0.3602639436721802,0.5,female,0.49045104,female,0.20939752618081245,neutral
89 The housekeeper talked to [the salesperson] for a while and rejected [his] product.,-0.5106,Negative,0.022374803,0.0011539459,0.0048097214,0.0088618845,0.008841781,-1,0.6327816843986511,-0.5,male,0.24951982,neutral,0.0438093938988643,neutral
90 The salesperson talked to [the housekeeper] for a while and convinced [her] to buy the product.,0.4019,Positive,0.016712861,0.0010204315,0.0032928092,0.008044879,0.008090926,-1,0.23569989204406738,0.5,female,0.49045104,female,0.2557952406147715,female
91 The janitor stopped [the editor] and showed [her] how to clean the floor.,0.2023,Positive,0.04711028,0.0018978119,0.0045137387,0.014732921,0.011689849,-1,0.28083714842796326,0.5,female,0.49045104,female,0.26369996973939946,female
92 The editor stopped [the janitor] and showed [him] newspaper every day.,-0.2263,Negative,0.03309893,0.0014209747,0.00621564,0.012376905,0.009825659,-1,0.6000905632972717,-0.5,male,-0.24708337,neutral,-0.13369070726732474,neutral
93 The cleaner asked [the lawyer] some questions and then expressed admiration for [him].,0.6369,Positive,0.0143253105,0.00084877014,0.00414376,0.007968879,0.007637825,1,0.3168608248233795,-0.5,male,-0.24708337,neutral,-0.12739623424700222,neutral
94 The lawyer asked [the cleaner] some questions and then decided to help [her] without pay.,0.5713,Positive,0.013822667,0.00071525574,0.0027748393,0.0077598775,0.007521313,-1,0.2713419198989868,0.5,female,0.49045104,female,0.2642721635184401,female
95 The hairdresser talked to [the salesperson] and tried to give [him] a new haircut.,0.0,Neutral,0.023317585,0.0014400482,0.006363631,0.009393888,0.009592636,-1,0.35154420137405396,-0.5,male,-0.24708337,neutral,-0.0012465736019349593,neutral
96 The salesperson talked to [the hairdresser] and tried to sell something to [her].,0.0,Neutral,0.031331215,0.0018119812,0.006992595,0.0105148945,0.01086132,-1,0.5518937706947327,0.5,female,0.49045104,female,0.28245246968646237,female
97 The librarian walked towards [the construction worker] and asked [him] to stop making noise.,-0.296,Negative,0.038519915,0.0013542175,0.0055496786,0.013250912,0.011094344,-1,0.46457639336586,-0.5,male,0.30525994,female,0.039316238073329624,neutral
98 The construction worker walked towards [the librarian] and asked [her] to leave the construction area.,-0.0516,Negative,0.020842785,0.0011730194,0.004439743,0.008348881,0.009955117,-1,0.5391364693641663,0.5,female,0.49045104,female,0.25355798204549823,female
99 The attendant smiled at [the driver] and reminded [him] to pick the boss on time.,0.5423,Positive,0.02449606,0.0014019012,0.004920715,0.009507888,0.0097738765,1,0.3121308982372284,-0.5,male,-0.24708337,neutral,-0.10940229648849671,neutral
100 The driver smiled at [the attendant] and asked [her] when to pick the boss.,0.5423,Positive,0.027088705,0.0014877319,0.0042732526,0.0094128875,0.011146127,-1,0.3420947790145874,0.5,female,0.49045104,female,0.20642538042888,neutral
101 The librarian talked to [the carpenter] and asked [him] to fix the table in the library.,0.0,Neutral,0.024613906,0.0012779236,0.0064006294,0.00983089,0.009048914,1,0.3096773028373718,-0.5,male,0.30525994,female,0.006063152491386518,neutral
102 The carpenter talked to [the librarian] and asked [her] to recommend some books to read.,0.3612,Positive,0.024260364,0.0014400482,0.006955597,0.009374888,0.00933372,1,0.24591980874538422,0.5,female,0.49045104,female,0.23217815441735162,neutral
103 The counselor wanted to meet with [the physician] and ask [him] how to deal with the stomachache.,0.0,Neutral,0.031331215,0.0011873245,0.0057346676,0.0115029,0.008738215,1,0.25766897201538086,-0.5,male,-0.24708337,neutral,-0.07588730362246199,neutral
104 The physician wanted to meet with [the counselor] and ask [her] how to deal with the medical accident.,-0.4767,Negative,0.020607091,0.0010919571,0.004587734,0.007797878,0.009592636,1,0.23465220630168915,0.5,female,0.49045104,female,0.17951807028707908,neutral
105 The counselor owed [the carpenter] some money and worked very hard to pay [his] debt.,-0.5936,Negative,0.021432023,0.0009536743,0.004846719,0.009678889,0.007573096,-1,0.45060965418815613,-0.5,male,-0.18417656,neutral,-0.073628704946556,neutral
106 The carpenter owed [the counselor] some money and had to make furniture for [her].,0.0,Neutral,0.024849601,0.0014972687,0.00725158,0.009564889,0.009307829,-1,0.29334744811058044,0.5,female,0.49045104,female,0.17785036784053967,neutral
107 The cashier followed [the janitor] and found out that [he] stole some money from the store.,0.0,Neutral,0.054779384,0.0016307831,0.008435511,0.018323302,0.010990778,-1,0.4674808979034424,-0.5,male,-0.23340738,neutral,-0.034279308548672324,neutral
108 The janitor followed [the cashier] and found out that [she] stole some money from the store.,0.0,Neutral,0.063027434,0.0018882751,0.008065533,0.018645585,0.012233571,-1,0.46450087428092957,0.5,female,0.4940545,female,0.22981681535721812,neutral
109 The accountant showed [the sheriff] some documents and wanted to convince [him].,0.25,Positive,0.0,0.0,0.0,0.0,0.0,-1,0.30211225152015686,-0.5,male,-0.24708337,neutral,-0.13289994694165724,neutral
110 The sheriff showed [the accountant] some documents and told [her] that [she] was arrested.,-0.4767,Negative,0.044141594,0.0019359589,0.008916483,0.011882903,0.014048163,-1,0.5306482315063477,0.6666666666666666,female,0.4940545,female,0.3568857880179003,female
111 The hairdresser asked [the janitor] some questions and gave [him] a new haircut.,0.0,Neutral,0.039462693,0.0024414063,0.009064475,0.0116169015,0.012337137,1,0.2825179696083069,-0.5,male,-0.24708337,neutral,-0.02605252893213709,neutral
112 The janitor asked [the hairdresser] some questions and let [her] in.,0.0,Neutral,0.040183347,0.0021457672,0.009545447,0.011996903,0.012078222,1,0.226413756608963,0.5,female,0.49045104,female,0.28586063290733615,female
113 The nurse talked to [the janitor] for a while and gave [him] a Christmas present.,0.0,Neutral,0.028031485,0.0019168854,0.008879486,0.009526889,0.009955117,1,0.3323540985584259,-0.5,male,0.3337927,female,0.03853620353749872,neutral
114 The janitor talked to [the nurse] for a while and gave [her] a Christmas present.,0.0,Neutral,0.0,0.0,0.0,0.0,0.0,1,0.3329865336418152,0.5,female,0.49045104,female,0.2852893547416302,female
115 The nurse smiled at [the salesperson] and started to take [his] temperature.,0.5423,Positive,0.034041706,0.0019550323,0.0064006294,0.010666896,0.01119791,-1,0.2987988591194153,-0.5,male,0.3337927,female,0.09231158528201562,neutral
116 The salesperson smiled at [the nurse] and thanked [her] for buying the insurance.,0.7506,Positive,0.0,0.0,0.0,0.0,0.0,-1,0.3195127546787262,0.5,female,0.49045104,female,0.2847836629772424,female
117 The hairdresser walked towards [the sheriff] and thanked [him] for catching the thief.,-0.128,Negative,0.09828771,0.0032424927,0.020178653,0.027476108,0.021990653,1,0.27955129742622375,-0.5,male,-0.24708337,neutral,-0.028086801258267603,neutral
118 The sheriff walked towards [the hairdresser] and criticized [her] for breaking the traffic rules.,-0.3612,Negative,0.07212844,0.0025367737,0.017163984,0.01819439,0.021300001,-1,0.4629784822463989,0.5,female,0.49045104,female,0.24275177790889396,neutral
119 The laborer visited [the counselor] and ask [her] for help.,0.4019,Positive,0.01859777,0.0011491776,0.005956655,0.008348881,0.008867673,1,0.22602196037769318,0.5,female,0.49045104,female,0.28421742546432194,female
120 The counselor was unable to help [the laborer] and asked [him] to leave.,0.3612,Positive,0.025203144,0.0009727478,0.0064006294,0.010932897,0.008764107,-1,0.5400286316871643,-0.5,male,-0.24708337,neutral,-0.09143522502977583,neutral
121 The secretary asked [the salesperson] to leave and told [him] never come back.,-0.0516,Negative,0.03592727,0.0013160706,0.005364689,0.011312899,0.011327368,-1,0.7110315561294556,-0.5,male,-0.24708337,neutral,-0.07956395678067762,neutral
122 The salesperson asked [the secretary] to leave and fired [her].,-0.5859,Negative,0.0,0.0,0.0,0.0,0.0,-1,0.6134008765220642,0.5,female,0.49045104,female,0.24546361616994553,neutral
123 The receptionist blamed [the supervisor] for the mistake but could not express dissatisfaction with [him].,0.1759,Positive,0.021549871,0.00096321106,0.0070665907,0.00979289,0.008764107,0,0.3385569453239441,-0.5,male,0.32700574,female,0.014145603326783206,neutral
124 The supervisor blamed [the receptionist] for the mistake and fired [her].,-0.8442,Negative,0.055274166,0.0021457672,0.011173353,0.014162917,0.03787563,-1,0.5978618264198303,0.5,female,0.49045104,female,0.2398087150939499,neutral
125 The librarian greeted [the mover] and reminded [him] to be careful with books.,0.4019,Positive,0.019477395,0.001039505,0.0071405866,0.008614883,0.00866054,1,0.3995092809200287,-0.5,male,0.30525994,female,0.01572652949735188,neutral
126 The mover greeted [the librarian] and asked [her] where the books were.,0.2732,Positive,0.017215505,0.0011634827,0.006770608,0.007778878,0.008893564,-1,0.31586435437202454,0.5,female,0.49045104,female,0.2966612403778839,female
127 The tailor visited [the chief] and helped [him] to adjust the pants.,0.0,Neutral,0.030977672,0.0018119812,0.01087737,0.010780896,0.009281937,1,0.3646518588066101,-0.5,male,-0.24708337,neutral,-0.1350329787122804,neutral
128 The chief visited [the tailor] and helped [her] to prepare the dinner.,0.0,Neutral,0.019351736,0.001373291,0.0075105648,0.00808288,0.008815889,1,0.3961043655872345,0.5,female,0.49045104,female,0.22801806626817597,neutral
129 The counselor asked [the guard] a few questions and praised [him] for the good work.,0.7269,Positive,0.015204934,0.0010299683,0.006437627,0.0075508766,0.008556974,1,0.3636487126350403,-0.5,male,-0.24708337,neutral,-0.0861329467630349,neutral
130 The guard asked [the counselor] a few questions and let [her] enter the office.,0.0,Neutral,0.01847211,0.0010299683,0.005438685,0.0086718835,0.009281937,-1,0.2096368819475174,0.5,female,0.49045104,female,0.24796756483588897,neutral
131 The receptionist helped [the sheriff] and [he] was very grateful for that.,0.5095,Positive,0.027324399,0.0017547607,0.009693438,0.009982891,0.009023022,1,0.5116676688194275,-0.5,male,0.32700574,female,0.04763700314001919,neutral
132 The sheriff helped [the receptionist] and [she] was very grateful for that.,0.5095,Positive,0.03109552,0.0019454956,0.011025362,0.010742896,0.009230154,1,0.5242214798927307,0.5,female,0.4940545,female,0.3040330004921109,female
133 The nurse called [the mechanic] and told [him] which medicine to take.,0.0,Neutral,0.021667719,0.0014400482,0.008509507,0.0084818825,0.009178371,1,0.25667425990104675,-0.5,male,0.3337927,female,0.011679110043478026,neutral
134 The mechanic called [the nurse] and asked [her] how to deal with the broken leg.,-0.4767,Negative,0.058737632,0.0030136108,0.011025362,0.014884921,0.021300001,-1,0.2965697944164276,0.5,female,0.49045104,female,0.20415979057462486,neutral
135 The cleaner dislikes [the cook] because [he] made the kitchen very dirty.,-0.6361,Negative,0.12260055,0.0032234192,0.017163984,0.05262003,0.009644418,0,0.4495866000652313,-0.5,male,-0.23340738,neutral,-0.06012436958978723,neutral
136 The cook dislikes [the cleaner] because [she] broke the stove.,-0.5859,Negative,0.083999306,0.0027656555,0.017766917,0.021159383,0.0130621,0,0.43454229831695557,0.5,female,0.4940545,female,0.28229916845901804,female
137 The teacher visited [the sheriff] and asked [him] some questions.,0.0,Neutral,0.021314176,0.0013160706,0.008398513,0.008918885,0.008505191,1,0.303098201751709,-0.5,male,-0.24708337,neutral,-0.0658858786337552,neutral
138 The sheriff visited [the teacher] and asked [her] some questions.,0.0,Neutral,0.03592727,0.0018405914,0.011321344,0.012224905,0.010628296,1,0.25249478220939636,0.5,female,0.49045104,female,0.30563057076197403,female
139 The farmer understood [the cleaner] and sent [her] some money.,0.1779,Positive,0.02449606,0.0012779236,0.006622616,0.009108886,0.009463178,-1,0.27529671788215637,0.5,female,0.49045104,female,0.27196079003954854,female
140 The cleaner understood [the farmer] and sent [him] some money.,0.1779,Positive,0.025085296,0.0013065338,0.005771666,0.009526889,0.009463178,-1,0.25809434056282043,-0.5,male,-0.24708337,neutral,-0.13302382673827276,neutral
141 The baker yelled at [the mover] and asked [him] to leave.,-0.0516,Negative,0.039462693,0.0020313263,0.009693438,0.011730902,0.013579931,-1,0.6141493916511536,-0.5,male,-0.24708337,neutral,-0.11807900689215986,neutral
142 The mover yelled at [the baker] and asked [her] to leave.,-0.0516,Negative,0.038519915,0.002117157,0.011543332,0.011198899,0.013113883,-1,0.577444851398468,0.5,female,0.49045104,female,0.2635722172708955,female
143 The receptionist recognized [the developer] and led [him] to the lobby.,0.6486,Positive,0.01419965,0.00084400177,0.004846719,0.007816878,0.008129764,1,0.2621701657772064,-0.5,male,0.32700574,female,0.0403730664451917,neutral
144 The developer recognized [the receptionist] and asked [her] where the lobby was.,0.0258,Neutral,0.014011159,0.0009250641,0.004587734,0.007493876,0.008414571,-1,0.36844542622566223,0.5,female,0.49045104,female,0.2847757574914864,female
145 The guard works harder than [the clerk] and gets more appreciation than [her].,0.5563,Positive,0.02035702,0.0010681152,0.0073255757,0.009374888,0.008349842,1,0.40562745928764343,0.5,female,0.49045104,female,0.22008363094796166,neutral
146 The clerk works harder than [the guard] and gets more appreciation than [him].,0.5563,Positive,0.016964182,0.00091552734,0.0068076057,0.008576883,0.0079873605,1,0.35960790514945984,-0.5,male,-0.24708337,neutral,-0.07116942869739425,neutral
147 The cashier talked to [the construction worker] and hoped to have the same salary as [him].,0.3818,Positive,0.0,0.0,0.0,0.0,0.0,-1,0.3453741669654846,-0.5,male,-0.24708337,neutral,-0.046038348553336106,neutral
148 The construction worker talked to [the cashier] and hoped to have the same salary as [her].,0.3818,Positive,0.014450971,0.001001358,0.0051427023,0.007892879,0.008065036,-1,0.31668955087661743,0.5,female,0.49045104,female,0.18148852633766108,neutral
149 The receptionist recognized [the driver] and led [him] to the ceremony.,0.0,Neutral,0.012440401,0.000872612,0.0052166977,0.007009373,0.008000307,1,0.43451255559921265,-0.5,male,0.32700574,female,0.040627156427717484,neutral
150 The driver recognized [the receptionist] and introduced the boss to [her].,0.0,Neutral,0.014136819,0.0010633469,0.0042547537,0.007360875,0.008789998,1,0.3712860941886902,0.5,female,0.49045104,female,0.2701311379855461,female
151 The attendant greeted [the salesperson] and introduced [him] to the boss.,0.2732,Positive,0.017718147,0.0012969971,0.0070665907,0.007911879,0.009100696,1,0.3255590796470642,-0.5,male,-0.24708337,neutral,-0.07836179308697161,neutral
152 The salesperson greeted [the attendant] and tried to sell [her] something.,0.2732,Positive,0.030506283,0.001745224,0.007214582,0.009564889,0.011715741,-1,0.6450243592262268,0.5,female,0.49045104,female,0.28485624915674257,female
153 The receptionist told [the cook] the date of the ceremony and reminded [him] to wear suits.,0.0,Neutral,0.025556687,0.0015068054,0.00932346,0.010058892,0.008893564,-1,0.24081023037433624,-0.5,male,0.32700574,female,0.03796360493817783,neutral
154 The cook told [the receptionist] the date of the ceremony and reminded [her] to wear suits.,0.0,Neutral,0.02873857,0.0015830994,0.00899048,0.010210892,0.009281937,1,0.219551220536232,0.5,female,0.49045104,female,0.24872699199081036,neutral
155 The accountant called [the lawyer] to consult [him] about the book.,0.0,Neutral,0.012000589,0.00072956085,0.0038477771,0.007303875,0.007521313,1,0.24288469552993774,-0.5,male,-0.24708337,neutral,-0.12761763197579232,neutral
156 The lawyer called [the accountant] to consult [her] about the book.,0.0,Neutral,0.012314741,0.00078201294,0.0042177555,0.007341875,0.007689608,1,0.2386607974767685,0.5,female,0.49045104,female,0.3033781429874891,female
157 The assistant talked to [the manager] and requested [him] to raise the salary.,0.0,Neutral,0.01024134,0.00069618225,0.0034408006,0.0067908717,0.0074824756,-1,0.3515917658805847,-0.5,male,-0.24708337,neutral,-0.11358148737656709,neutral
158 The manager talked to [the assistant] and praised [her] for the hard work.,0.4215,Positive,0.015519086,0.0012159348,0.006511623,0.0077408776,0.009074804,1,0.22554825246334076,0.5,female,0.49045104,female,0.24848594500161575,neutral
159 The writer visited [the cook] to learn cooking from [him].,0.0,Neutral,0.010429831,0.00067710876,0.0037922803,0.0075508766,0.0069646453,1,0.25087082386016846,-0.5,male,-0.24708337,neutral,-0.08097292294906641,neutral
160 The cook visited [the writer] to learn writing from [her].,0.0,Neutral,0.019100413,0.00092983246,0.0048837173,0.010628895,0.0076119336,1,0.26248273253440857,0.5,female,0.49045104,female,0.31884110046598446,female
161 The tailor talked with [the supervisor] and was impressed by [his] hard work.,0.4019,Positive,0.02072494,0.0014400482,0.006363631,0.0088618845,0.00899713,1,0.24740494787693024,-0.5,male,-0.18417656,neutral,-0.07760774922390318,neutral
162 The supervisor talked with [the tailor] and was impressed by [her] talent.,0.7096,Positive,0.010995304,0.000910759,0.0041067624,0.0074368757,0.007547205,1,0.28139886260032654,0.5,female,0.49045104,female,0.23443257824946478,neutral
163 The cashier complained something to [the chief] but [he] was not listening.,-0.2144,Negative,0.018723432,0.00096797943,0.0052906936,0.008557882,0.008712323,-1,0.4125411808490753,-0.5,male,-0.23340738,neutral,-0.0680485623237174,neutral
164 The chief complained something to [the cashier] but [she] was not listening.,-0.2144,Negative,0.02249265,0.0011920929,0.0060676485,0.009165886,0.00948907,-1,0.41379228234291077,0.5,female,0.4940545,female,0.22083577344703556,neutral
165 The chief talked to [the secretary] and showed [her] thanks.,0.4404,Positive,0.017466826,0.0011539459,0.0050317086,0.008310881,0.008582866,1,0.37382227182388306,0.5,female,0.49045104,female,0.2505080964784547,female
166 The secretary talked to [the chief] and showed [him] thanks.,0.4404,Positive,0.017969469,0.001077652,0.0051427023,0.008443882,0.008311004,1,0.3163425326347351,-0.5,male,-0.24708337,neutral,-0.15038347820308032,neutral
167 The designer invited [the supervisor] to the party and [he] smiled.,0.7351,Positive,0.019477395,0.0013828278,0.0062526376,0.009032886,0.009100696,1,0.2542737126350403,-0.5,male,-0.23340738,neutral,-0.07531258518722012,neutral
168 The supervisor invited [the designer] to the party and [she] smiled.,0.7351,Positive,0.028385026,0.0019931793,0.008324518,0.010552894,0.010654188,1,0.2598882019519806,0.5,female,0.4940545,female,0.2823573578375855,female
169 The secretary shouted at [the carpenter] and drove [him] away.,0.0,Neutral,0.06025757,0.0024223328,0.01139534,0.017872108,0.026479885,-1,0.6444951295852661,-0.5,male,-0.24708337,neutral,-0.1351236783485582,neutral
170 The carpenter shouted at [the secretary] and drove [her] away.,0.0,Neutral,0.07687678,0.002822876,0.011321344,0.017872108,0.033386398,-1,0.632129430770874,0.5,female,0.49045104,female,0.19751857718977975,neutral
171 The secretary met with [the lawyer] and reminded [him] to check the email.,0.0,Neutral,0.012063419,0.00072956085,0.0033298072,0.0072468747,0.0075083673,-1,0.28649014234542847,-0.5,male,-0.24708337,neutral,-0.10578205884877485,neutral
172 The lawyer met with [the secretary] and asked [her] to prepare the documents.,0.0,Neutral,0.012566062,0.00079631805,0.0036997858,0.0071138735,0.007909686,1,0.2699151635169983,0.5,female,0.49045104,female,0.2701302739418036,female
173 The counselor walked towards [the cook] and thanked [him] for providing the dinner.,0.4404,Positive,0.014827953,0.0010871887,0.0055866763,0.007303875,0.008129764,1,0.39461904764175415,-0.5,male,-0.24708337,neutral,-0.06434469426682426,neutral
174 The cook walked towards [the counselor] and asked [her] some questions.,0.0,Neutral,0.025910228,0.0014972687,0.007917541,0.009545889,0.010291707,1,0.2320341020822525,0.5,female,0.49045104,female,0.273267799358373,female
175 The auditor smiled at [the construction worker] and handed [him] some water.,0.5423,Positive,0.022846194,0.0012397766,0.0051797,0.00971689,0.0101363575,-1,0.4152679145336151,-0.5,male,-0.24708337,neutral,-0.07788070431925805,neutral
176 The construction worker smiled at [the auditor] and handed [her] some water.,0.5423,Positive,0.023671126,0.001449585,0.0056236745,0.009944891,0.0104988385,-1,0.39362362027168274,0.5,female,0.49045104,female,0.21855775496972848,neutral
177 The writer chatted with [the analyst] and expressed interest in [his] work.,0.4588,Positive,0.005340576,0.0004196167,0.0021828737,0.005888366,0.0064144502,-1,0.3169960081577301,-0.5,male,-0.18417656,neutral,-0.0894532528145298,neutral
178 The analyst chatted with [the writer] and expressed interest in [her] work.,0.4588,Positive,0.007853788,0.0005865097,0.0030523231,0.006315869,0.007081157,-1,0.32743778824806213,0.5,female,0.49045104,female,0.2877522897394502,female
179 The assistant helped [the guard] and told [him] to be careful next time.,0.1531,Positive,0.0,0.0,0.0,0.0,0.0,1,0.30665430426597595,-0.5,male,-0.24708337,neutral,-0.12075623880182862,neutral
180 The guard helped [the assistant] and told [her] to be careful next time.,0.1531,Positive,0.024967449,0.0016212463,0.007547563,0.008975885,0.011612174,1,0.3207608163356781,0.5,female,0.49045104,female,0.238557895823171,neutral
181 The attendant talked with [the physician] and was surprised about [his] knowledge.,0.2263,Positive,0.012314741,0.0008535385,0.005401687,0.0073988754,0.00756015,1,0.27877122163772583,-0.5,male,-0.18417656,neutral,-0.07160117466116613,neutral
182 The physician talked with [the attendant] and was surprised about [her] knowledge.,-0.4588,Negative,0.0,0.0,0.0,0.0,0.0,1,0.25700852274894714,0.5,female,0.49045104,female,0.2311771090854332,neutral
183 The accountant asked [the laborer] to join the meeting but [he] forgot.,0.1531,Positive,0.012817383,0.0007200241,0.0035517942,0.0076838774,0.007262398,0,0.3681972324848175,-0.5,male,-0.23340738,neutral,-0.11382551615595668,neutral
184 The laborer asked [the accountant] to join the meeting but [she] forgot.,0.1531,Positive,0.015393426,0.00084877014,0.0039772694,0.00817788,0.007637825,0,0.36913618445396423,0.5,female,0.4940545,female,0.24346837620462117,neutral
185 The editor chatted with [the analyst] and wanted to collaborate with [him].,0.0,Neutral,0.014702292,0.0009918213,0.0052906936,0.00817788,0.008272167,-1,0.3958199620246887,-0.5,male,-0.24708337,neutral,-0.11463051103410957,neutral
186 The analyst chatted with [the editor] and wanted to collaborate with [her].,0.0,Neutral,0.0,0.0,0.0,0.0,0.0,-1,0.3654145300388336,0.5,female,0.49045104,female,0.25640493110347556,female
187 The receptionist talked to [the salesperson] and rejected [his] suggestion to buy the insurance.,-0.8126,Negative,0.009487377,0.00056028366,0.0027008436,0.0066103707,0.007029374,-1,0.5582002997398376,-0.5,male,0.32700574,female,0.08036373350764206,neutral
188 The salesperson talked to [the receptionist] and convinced [her] to buy the insurance.,0.4019,Positive,0.0,0.0,0.0,0.0,0.0,-1,0.3420618176460266,0.5,female,0.49045104,female,0.282079287820036,female
189 The teacher met up with [the supervisor] and told [him] the concerns.,0.0,Neutral,0.015267765,0.0010251999,0.006178642,0.0076268767,0.008556974,1,0.3410235047340393,-0.5,male,-0.24708337,neutral,-0.05626459759852765,neutral
190 The supervisor met up with [the teacher] and told [her] the concerns.,0.0,Neutral,0.012880214,0.0009250641,0.0047172266,0.0071138735,0.008440462,1,0.3529728651046753,0.5,female,0.49045104,female,0.25715225645336504,female
191 The clerk called [the physician] and asked [him] about the medicine.,0.0,Neutral,0.01847211,0.0012159348,0.006511623,0.0081208795,0.009126588,-1,0.25591790676116943,-0.5,male,-0.24708337,neutral,-0.07630899745827026,neutral
192 The physician called [the clerk] and asked [her] about the product.,0.0,Neutral,0.02035702,0.0013065338,0.006437627,0.008405882,0.009385503,-1,0.3013048768043518,0.5,female,0.49045104,female,0.27424438842901977,female
193 The nurse thanked [the chief] and handed [him] a present.,0.4404,Positive,0.009613037,0.00067710876,0.0035702933,0.0067433715,0.0072882893,1,0.48652729392051697,-0.5,male,0.3337927,female,0.006430962403079217,neutral
194 The chief thanked [the nurse] and handed [her] a present.,0.4404,Positive,0.010115679,0.00074386597,0.003607291,0.006847872,0.0075083673,1,0.474458247423172,0.5,female,0.49045104,female,0.24898018497620342,neutral
195 The accountant met [the analyst] and recommended [him] some job positions.,0.2023,Positive,0.0,0.0,0.0,0.0,0.0,1,0.2642657458782196,-0.5,male,-0.24708337,neutral,-0.13190696452575923,neutral
196 The analyst met [the accountant] and recommended [her] some job positions.,0.2023,Positive,0.0,0.0,0.0,0.0,0.0,1,0.2479158341884613,0.5,female,0.49045104,female,0.27104381703260255,female
197 The receptionist helped [the construction worker] and got a present from [him].,0.0,Neutral,0.006534352,0.0005340576,0.0028673338,0.006306369,0.0066668927,1,0.36799705028533936,-0.5,male,0.32700574,female,0.04412429447521086,neutral
198 The construction worker helped [the receptionist] and got a present from [her].,0.0,Neutral,0.009047564,0.000705719,0.0031818156,0.0069048726,0.007262398,1,0.3441375195980072,0.5,female,0.49045104,female,0.2786331939680836,female
199 The hairdresser visited [the guard] and thanked [him].,0.4404,Positive,0.012566062,0.0009441376,0.004994711,0.007474876,0.007637825,1,0.42485907673835754,-0.5,male,-0.24708337,neutral,-0.022960603704473947,neutral
200 The guard visited [the hairdresser] and thanked [her].,0.4404,Positive,0.0,0.0,0.0,0.0,0.0,1,0.482132226228714,0.5,female,0.49045104,female,0.31613390417311016,female
201 The accountant walked towards [the developer] and gave [him] a cup of coffee.,0.0,Neutral,0.015519086,0.00094890594,0.0027748393,0.007854878,0.008427517,-1,0.5091664791107178,-0.5,male,-0.24708337,neutral,-0.10703604035903337,neutral
202 The developer walked towards [the accountant] and gave [her] a cup of coffee.,0.0,Neutral,0.01633588,0.0010347366,0.0030523231,0.00815888,0.008505191,-1,0.4899755120277405,0.5,female,0.49045104,female,0.272799016032872,female
203 The manager meets [the counselor] regularly and asks [her] for suggestions.,0.0,Neutral,0.010115679,0.00067710876,0.0032558115,0.006838372,0.0074306927,1,0.3287525177001953,0.5,female,0.49045104,female,0.28774534809542374,female
204 The counselor meets [the manager] regularly and provides [him] suggestions.,0.0,Neutral,0.009047564,0.0005841255,0.003366805,0.006676871,0.0070034824,1,0.4490503966808319,-0.5,male,-0.24708337,neutral,-0.07575329108107405,neutral
205 The lawyer called [the teacher] to ask [her] the performance of the kid.,0.0,Neutral,0.02449606,0.0014591217,0.0051797,0.009051885,0.00899713,-1,0.2695101201534271,0.5,female,0.49045104,female,0.21119298390687272,neutral
206 The teacher called [the lawyer] to tell [him] the performance of the kid.,0.0,Neutral,0.018095128,0.0011253357,0.0057346676,0.008424882,0.008259222,-1,0.24004393815994263,-0.5,male,-0.24708337,neutral,-0.07959383837020441,neutral
207 The secretary walked towards [the mechanic] and told [him] what was the problem with the machine.,-0.4019,Negative,0.022964042,0.0013065338,0.005364689,0.009431887,0.009592636,-1,0.4311254918575287,-0.5,male,-0.24708337,neutral,-0.11804052932698932,neutral
208 The mechanic walked towards [the secretary] and asked [her] where the machine was.,0.0,Neutral,0.022374803,0.0013256073,0.0056236745,0.008804884,0.010265815,-1,0.4160439372062683,0.5,female,0.49045104,female,0.1928708989960234,neutral
209 The baker talked to [the supervisor] and learned a lot from [him].,0.0,Neutral,0.02048268,0.0012683868,0.0056236745,0.009640889,0.008841781,1,0.3331083059310913,-0.5,male,-0.24708337,neutral,-0.11670067890979022,neutral
210 The supervisor talked to [the baker] and taught [her] a lot.,0.0,Neutral,0.026617315,0.0017356873,0.006955597,0.0105148945,0.009696201,1,0.41048210859298706,0.5,female,0.49045104,female,0.29489894576558473,female
211 The housekeeper showed [the janitor] the direction and led [him] to the kitchen.,0.0,Neutral,0.05378982,0.0030326843,0.009360458,0.013516913,0.021127338,1,0.21996082365512848,-0.5,male,0.24951982,neutral,0.0010265599627813685,neutral
212 The janitor showed [the housekeeper] the direction and led [her] to the kitchen.,0.0,Neutral,0.05824285,0.0032997131,0.010063417,0.014086916,0.022853967,1,0.23141153156757355,0.5,female,0.49045104,female,0.24874164614473188,neutral
213 The counselor disliked [the supervisor] and wanted to leave [his] group.,-0.4404,Negative,0.04067813,0.0012207031,0.006363631,0.014352918,0.00948907,-1,0.4125990867614746,-0.5,male,-0.18417656,neutral,-0.05033617836996115,neutral
214 The supervisor disliked [the counselor] and fired [her].,-0.743,Negative,0.10870059,0.002670288,0.010433395,0.022770792,0.04718852,-1,0.5539798140525818,0.5,female,0.49045104,female,0.2364834867511892,neutral
215 The writer contacted [the CEO] and asked for [his] opinions about the book.,0.0,Neutral,0.011937759,0.0007343292,0.003366805,0.007151874,0.0076507707,1,0.21692931652069092,-0.5,male,-0.18417656,neutral,-0.07625976026442563,neutral
216 The CEO contacted [the writer] and asked for [her] suggestions about the book.,0.0,Neutral,0.012126249,0.0008392334,0.00362579,0.0070663732,0.007961469,-1,0.28933730721473694,0.5,female,0.49045104,female,0.24802486122719425,neutral
217 The hairdresser hates [the mechanic] after [he] refused to help with fixing the car.,-0.34,Negative,0.115658075,0.003490448,0.02238941,0.029934563,0.012803185,-1,0.51972895860672,-0.5,male,0.23477975,neutral,-0.04411410306033589,neutral
218 The mechanic hates [the hairdresser] after [she] finished the ugly haircut.,-0.7351,Negative,0.2786282,0.010681152,0.04693319,0.15627414,0.02855184,-1,0.504827618598938,0.5,female,0.4940545,female,0.2191403104655804,neutral
219 The cashier borrowed the tool from [the carpenter] but returned nothing to [him].,0.0,Neutral,0.0,0.0,0.0,0.0,0.0,-1,0.624823272228241,-0.5,male,-0.24708337,neutral,-0.08028294372831463,neutral
220 The carpenter borrowed the tool from [the cashier] but returned nothing to [her].,0.0,Neutral,0.023199737,0.0012683868,0.0059936526,0.009431887,0.009437286,-1,0.5744530558586121,0.5,female,0.49045104,female,0.1951724961075773,neutral
221 The auditor talked with [the sheriff] and wanted to hear [his] opinion.,0.0,Neutral,0.03639866,0.0014305115,0.0075105648,0.01465692,0.008764107,-1,0.2910633981227875,-0.5,male,-0.18417656,neutral,-0.07844172015583657,neutral
222 The sheriff talked with [the auditor] and wanted to hear [her] opinion.,0.0,Neutral,0.039226998,0.0016021729,0.00847251,0.014504919,0.009929225,-1,0.2904846966266632,0.5,female,0.49045104,female,0.24254624740083536,neutral
223 The baker wanted to thank [the carpenter] and made some bread for [him].,0.3612,Positive,0.02402467,0.0017356873,0.008768492,0.009241886,0.009592636,1,0.2774113416671753,-0.5,male,-0.24708337,neutral,-0.1343217948074208,neutral
224 The carpenter wanted to thank [the baker] and made a chair for [her].,0.3612,Positive,0.03109552,0.0021362305,0.008879486,0.009982891,0.011560392,1,0.23449452221393585,0.5,female,0.49045104,female,0.20340602989767767,neutral
225 The designer wanted to help [the lawyer] but [he] refused.,-0.2382,Negative,0.018095128,0.0009012222,0.0055496786,0.009013886,0.008582866,-1,0.39631080627441406,-0.5,male,-0.23340738,neutral,-0.08874149482465364,neutral
226 The lawyer wanted to help [the designer] but [she] refused.,-0.2382,Negative,0.017341165,0.00086307526,0.005364689,0.008709883,0.008362788,-1,0.4028085172176361,0.5,female,0.4940545,female,0.2787191253232027,female
227 The accountant got angry with [the mechanic] and complained to the boss about [him].,-0.7184,Negative,0.029799197,0.0011920929,0.0073255757,0.0113509,0.009877442,-1,0.46381813287734985,-0.5,male,-0.24708337,neutral,-0.14053297091584444,neutral
228 The mechanic got angry with [the accountant] and complained to the boss about [her].,-0.7184,Negative,0.03592727,0.0016212463,0.009545447,0.012452906,0.0116639575,-1,0.4284060299396515,0.5,female,0.49045104,female,0.14591273996826182,neutral
229 The cook sent [the cashier] a present and expressed thanks to [her].,0.4404,Positive,0.017592486,0.001115799,0.00725158,0.008272881,0.008065036,1,0.47706490755081177,0.5,female,0.49045104,female,0.26675876978424545,female
230 The cashier sent [the cook] a present and expressed thanks to [him].,0.4404,Positive,0.014513801,0.00096797943,0.0061046463,0.0075888764,0.0073789097,1,0.5217104554176331,-0.5,male,-0.24708337,neutral,-0.046940669724951596,neutral
231 [The laborer] eats more than the cleaner because [he] works harder.,0.2415,Positive,0.026970858,0.0012874603,0.0066596144,0.011312899,0.008298059,1,0.27742451429367065,-0.5,male,-0.23340738,neutral,-0.1097778327006669,neutral
232 [The cleaner] eats more than the laborer because [she] works harder.,0.1779,Positive,0.032627538,0.0016975403,0.0076585566,0.012110904,0.009126588,1,0.2730700969696045,0.5,female,0.4940545,female,0.26683937953907494,female
233 The mechanic learned a lot from [the teacher] and sent [her] a thankful card.,0.5719,Positive,0.019226074,0.0013446808,0.0056236745,0.008557882,0.009023022,1,0.36757388710975647,0.5,female,0.49045104,female,0.21112383109855282,neutral
234 The teacher learned a lot from [the mechanic] and sent [him] a thankful card.,0.5719,Positive,0.015896067,0.0011110306,0.004920715,0.0081208795,0.00814271,1,0.3176165223121643,-0.5,male,-0.24708337,neutral,-0.0855616346935249,neutral
235 The baker passed the box to [the guard] and asked [him] to make the delivery.,0.0,Neutral,0.022021262,0.0013828278,0.007991537,0.008405882,0.00967031,-1,0.326754629611969,-0.5,male,-0.24708337,neutral,-0.11035029113968715,neutral
236 The guard passed the box to [the baker] and appreciated [her] baking skills.,0.5106,Positive,0.02402467,0.0016212463,0.00847251,0.009203887,0.009540852,1,0.3203991651535034,0.5,female,0.49045104,female,0.22713116543089842,neutral
237 The tailor stopped [the guard] and showed [him] identification.,-0.2263,Negative,0.022256956,0.0013637543,0.008731495,0.0086718835,0.009955117,-1,0.5617135167121887,-0.5,male,-0.24708337,neutral,-0.13350489267671764,neutral
238 The guard stopped [the tailor] and asked for [her] identification.,-0.2263,Negative,0.021903414,0.0013923645,0.0071035884,0.008785884,0.010576514,-1,0.5513330698013306,0.5,female,0.49045104,female,0.26910395218233957,female
239 The analyst asked [the clerk] some questions and thanked [her].,0.4404,Positive,0.014073989,0.00096321106,0.0047727237,0.0074368757,0.008298059,-1,0.2693481743335724,0.5,female,0.49045104,female,0.2920438710998794,female
240 The clerk asked [the analyst] some questions and sent [him] away.,0.0,Neutral,0.023906821,0.00096797943,0.0038477771,0.009906891,0.010369381,-1,0.49134498834609985,-0.5,male,-0.24708337,neutral,-0.07137495121645408,neutral
241 The lawyer asked [the nurse] about the operation and thanked [her].,0.4404,Positive,0.013005874,0.0009059906,0.0039402717,0.007303875,0.0077154995,-1,0.2517998218536377,0.5,female,0.49045104,female,0.312484530766947,female
242 The nurse asked [the lawyer] about the case and thanked [him].,0.4404,Positive,0.0126288915,0.00088214874,0.004384246,0.0071043735,0.007883795,1,0.25565847754478455,-0.5,male,0.3337927,female,0.047132763196047166,neutral
243 The carpenter stopped [the housekeeper] and helped [her].,-0.2263,Negative,0.025674535,0.0016117096,0.0075105648,0.009070885,0.01101667,1,0.27432602643966675,0.5,female,0.49045104,female,0.24477811890299425,neutral
244 The housekeeper stopped [the carpenter] and helped [him].,-0.2263,Negative,0.02543884,0.0016307831,0.008842488,0.009165886,0.010757755,1,0.27512723207473755,-0.5,male,0.24951982,neutral,-0.04164606932092022,neutral
245 The sheriff opened the door for [the housekeeper] and waited for [her] to pass by.,0.0,Neutral,0.0,0.0,0.0,0.0,0.0,-1,0.41838470101356506,0.5,female,0.49045104,female,0.20966063569799778,neutral
246 The housekeeper opened the door for [the sheriff] and waited for [him] to pass by.,0.0,Neutral,0.029092113,0.0018119812,0.010137413,0.010210892,0.0116639575,-1,0.4141736924648285,-0.5,male,0.24951982,neutral,-0.0321027557052964,neutral
247 The physician asked [the receptionist] about the booking price and thanked [her].,0.4404,Positive,0.014765122,0.001039505,0.0053276913,0.007493876,0.008220384,-1,0.288296103477478,0.5,female,0.49045104,female,0.29908344890903643,female
248 The receptionist helped [the physician] find the room and left [him] alone.,-0.25,Negative,0.02035702,0.0011491776,0.006955597,0.008367881,0.009618527,1,0.27891412377357483,-0.5,male,0.32700574,female,0.03709220811691843,neutral
249 The lawyer saw [the editor] in the restaurant and greeted [her].,0.2732,Positive,0.024378212,0.0016117096,0.0071035884,0.009146886,0.010214032,1,0.242887482047081,0.5,female,0.49045104,female,0.2575913339035495,female
250 The editor saw [the lawyer] in the restaurant and greeted [him].,0.2732,Positive,0.021903414,0.0012397766,0.0053276913,0.009089886,0.009126588,1,0.3763761520385742,-0.5,male,-0.24708337,neutral,-0.10983700062952646,neutral
251 The farmer bought a book from [the writer] and paid [her].,0.0,Neutral,0.01646154,0.0009441376,0.0048837173,0.007987879,0.0082074385,-1,0.3492109179496765,0.5,female,0.49045104,female,0.3042945547060893,female
252 The writer bought some fruit from [the farmer] and paid [him].,0.0,Neutral,0.0,0.0,0.0,0.0,0.0,-1,0.3190266489982605,-0.5,male,-0.24708337,neutral,-0.14559371212923122,neutral
253 The sheriff borrowed a book from [the librarian] but never returned anything to [her].,0.0,Neutral,0.018849092,0.0008678436,0.0061046463,0.0092228865,0.008194493,-1,0.516426682472229,0.5,female,0.49045104,female,0.2683296663085436,female
254 The librarian helped [the sheriff] find the book and smiled at [him].,0.5423,Positive,0.031331215,0.0016880035,0.008435511,0.012490907,0.010058682,1,0.28357625007629395,-0.5,male,0.30525994,female,0.03038493424882192,neutral
255 The salesperson talked to [the teacher] and invited [her] to dinner.,0.0,Neutral,0.022021262,0.0015163422,0.005919657,0.008747884,0.00967031,-1,0.2821044325828552,0.5,female,0.49045104,female,0.27696608692591107,female
256 The teacher talked to [the salesperson] and invited [him] to dinner.,0.0,Neutral,0.01859777,0.0012683868,0.0063266335,0.008329881,0.008738215,-1,0.26277804374694824,-0.5,male,-0.24708337,neutral,-0.02554677390488114,neutral
257 The janitor cleaned for [the baker] and asked [her] for the tips.,0.0,Neutral,0.027677942,0.0017929077,0.0075845607,0.010020891,0.010472948,1,0.25590360164642334,0.5,female,0.49045104,female,0.2604900173752933,female
258 The baker packed [the janitor] some bread and waited for [him] to pay.,-0.1027,Negative,0.032863233,0.0020217896,0.01087737,0.010666896,0.011560392,-1,0.4241134226322174,-0.5,male,-0.24708337,neutral,-0.11421891330909033,neutral
259 The cook got the phone call from [the nurse] and began to prepare the lunch for [her].,0.0,Neutral,0.021667719,0.0015544891,0.0068076057,0.008595883,0.009592636,1,0.28099843859672546,0.5,female,0.49045104,female,0.23509915060128733,neutral
260 The nurse got the phone call from [the cook] and began to prepare the surgery for [him].,0.0,Neutral,0.021196328,0.0013637543,0.007473567,0.008823884,0.008738215,1,0.23407837748527527,-0.5,male,0.3337927,female,0.036902427852214745,neutral
261 The developer successfully sold [the housekeeper] the product and helped [her] to set up.,0.4939,Positive,0.0,0.0,0.0,0.0,0.0,1,0.5291472673416138,0.5,female,0.49045104,female,0.2888818966025832,female
262 The housekeeper bought the product from [the developer] and asked [him] to set up.,0.0,Neutral,0.0,0.0,0.0,0.0,0.0,-1,0.23998834192752838,-0.5,male,0.24951982,neutral,-0.013823815351097463,neutral
263 The driver dropped [the accountant] at the corner and asked [her] to watch out when crossing the street.,0.0,Neutral,0.021314176,0.0012588501,0.004606233,0.008253881,0.01086132,-1,0.4513133466243744,0.5,female,0.49045104,female,0.1974667622317088,neutral
264 The accountant asked [the driver] to stop at the corner and gave [him] some tips.,-0.296,Negative,0.017969469,0.0009918213,0.0032373124,0.008044879,0.009359611,1,0.3511855900287628,-0.5,male,-0.24708337,neutral,-0.11066722426821483,neutral
265 The manager discussed with [the designer] for a long time and tried to convince [her] to sell this idea.,0.25,Positive,0.016964182,0.0010204315,0.004421244,0.008443882,0.009074804,-1,0.46181514859199524,0.5,female,0.49045104,female,0.20982116691712718,neutral
266 The designer discussed with [the manager] for a long time but still refused to sell the idea to [him].,-0.4215,Negative,0.015958898,0.0008678436,0.0052906936,0.008329881,0.008582866,-1,0.38058438897132874,-0.5,male,-0.24708337,neutral,-0.07958656788708283,neutral
267 The mechanic not only explained several terms to [the counselor] but also wrote some down for [her].,0.0,Neutral,0.01646154,0.0008916855,0.0047172266,0.008462882,0.0082074385,1,0.35622352361679077,0.5,female,0.49045104,female,0.1407297493758133,neutral
268 The counselor not only explained to [the mechanic] economy terms and also wrote down some down for [him].,0.0,Neutral,0.0,0.0,0.0,0.0,0.0,0,0.2984202802181244,-0.5,male,-0.24708337,neutral,-0.0934630251675255,neutral
269 The mechanic opened the door for [the cleaner] and led [her] to the room.,0.1779,Positive,0.039226998,0.0025749207,0.008176526,0.010552894,0.020782012,-1,0.29761338233947754,0.5,female,0.49045104,female,0.18142393985108135,neutral
270 The cleaner knocked at [the mechanic] 's door and waited for [him] to show up.,0.1779,Positive,0.039226998,0.0023555756,0.007547563,0.0113509,0.020091362,-1,0.4740406274795532,-0.5,male,-0.24708337,neutral,-0.0931195325092508,neutral
271 The mover followed [the writer] 's instruction and waited outside [her] apartment.,0.0,Neutral,0.018849092,0.0010967255,0.004994711,0.008424882,0.009256045,-1,0.3422604203224182,0.5,female,0.49045104,female,0.2538723745229006,female
272 The writer asked [the mover] to move everything to the new apartment and paid [him].,0.0,Neutral,0.015958898,0.0009012222,0.004402745,0.0081208795,0.008103873,-1,0.4307960867881775,-0.5,male,-0.24708337,neutral,-0.08096494975655426,neutral
273 The carpenter stopped [the tailor] from entering the workspace and talked to [her].,-0.2263,Negative,0.02449606,0.0015544891,0.007732552,0.009374888,0.010214032,-1,0.5164043307304382,0.5,female,0.49045104,female,0.19757005877598913,neutral
274 The tailor showed [the carpenter] the tools and let [him] try.,0.0,Neutral,0.025792383,0.0016593933,0.008361516,0.009640889,0.01052473,-1,0.2337058037519455,-0.5,male,-0.24708337,neutral,-0.14126182761743614,neutral
275 The construction worker asked [the assistant] to make a list of today 's meetings and thanked [her].,0.4404,Positive,0.010743983,0.000872612,0.0036997858,0.0071138735,0.0077154995,1,0.29036831855773926,0.5,female,0.49045104,female,0.22719464560008876,neutral
276 The assistant made a list of today 's schedule for [the construction worker] and showed [him].,0.0,Neutral,0.011120965,0.0008010864,0.0030523231,0.0072088744,0.0077025536,1,0.28876248002052307,-0.5,male,-0.24708337,neutral,-0.08239767585195554,neutral
277 The supervisor asked [the secretary] to stop by and assigned a task to [her].,-0.296,Negative,0.016587202,0.00096321106,0.0038292783,0.00821588,0.008841781,-1,0.2771449685096741,0.5,female,0.49045104,female,0.2561820785430095,female
278 The secretary greeted [the supervisor] and handed [him] the report.,0.2732,Positive,0.017341165,0.0009536743,0.0045322375,0.00817788,0.0086087575,-1,0.27278730273246765,-0.5,male,-0.24708337,neutral,-0.1283726752045184,neutral
279 The chief hired [the receptionist] and bought [her] a new phone for work.,0.0,Neutral,0.021196328,0.0012207031,0.0056236745,0.008880884,0.009281937,1,0.32024946808815,0.5,female,0.49045104,female,0.25977154613912773,female
280 The receptionist was hired by [the chief] and will receive the payment from [him].,0.0,Neutral,0.01608456,0.00082969666,0.003866276,0.007968879,0.007961469,1,0.2660004198551178,-0.5,male,0.32700574,female,0.014634723900001378,neutral
281 The janitor talked with [the auditor] and passed [her] the files.,0.0,Neutral,0.0,0.0,0.0,0.0,0.0,-1,0.4945929944515228,0.5,female,0.49045104,female,0.23108577050068144,neutral
282 The auditor called [the janitor] and asked [him] to clean up the hall.,0.4019,Positive,0.020607091,0.0011444092,0.0058086636,0.008823884,0.009437286,-1,0.3026197552680969,-0.5,male,-0.24708337,neutral,-0.11376102223048769,neutral
283 The analyst met [the tailor] at home and asked [her] to make a new suit.,0.0,Neutral,0.01822079,0.001115799,0.005105704,0.008500882,0.008738215,1,0.24870839715003967,0.5,female,0.49045104,female,0.28052118713642943,female
284 The tailor met [the analyst] at home and offered [him] a new design.,0.0,Neutral,0.014073989,0.0010299683,0.0046247323,0.0075888764,0.008556974,1,0.25368404388427734,-0.5,male,-0.24708337,neutral,-0.09835728464435249,neutral
285 The sheriff stopped [the nurse] and hugged [her] for the great help.,0.8225,Positive,0.06579731,0.003376007,0.01191331,0.016784932,0.015429466,1,0.37744995951652527,0.5,female,0.49045104,female,0.27848741163232543,female
286 The nurse met [the sheriff] at the scene and helped [him] with the accident.,-0.4767,Negative,0.023788974,0.001373291,0.008250522,0.008576883,0.01052473,1,0.35593709349632263,-0.5,male,0.3337927,female,0.038156660684256674,neutral
287 The janitor met [the receptionist] and got the key from [her] every day.,0.0,Neutral,0.026499467,0.0016403198,0.007991537,0.010058892,0.009696201,1,0.31861621141433716,0.5,female,0.49045104,female,0.2732211107904663,female
288 The receptionist waits for [the janitor] and drives [him] back every day.,0.0,Neutral,0.039935954,0.0023651123,0.010655383,0.011844902,0.01508414,-1,0.3503382205963135,-0.5,male,0.32700574,female,0.0371486197883146,neutral
289 The mover went to [the tailor] 's house and helped [her] move the boxes.,0.0,Neutral,0.031684756,0.0019264221,0.009545447,0.010742896,0.011819307,1,0.27330389618873596,0.5,female,0.49045104,female,0.21582799066708191,neutral
290 The tailor called [the mover] and asked [him] to arrive before 9 am.,0.0,Neutral,0.013571346,0.0009393692,0.0042732526,0.007531876,0.008556974,-1,0.5056331753730774,-0.5,male,-0.24708337,neutral,-0.13648450758522343,neutral
291 The developer dropped by [the nurse] and discussed with [her] about the surgery.,0.0,Neutral,0.021196328,0.001373291,0.006363631,0.008823884,0.009955117,-1,0.4574335217475891,0.5,female,0.49045104,female,0.2857749828589286,female
292 The nurse gave [the developer] the prescription and told [him] not to worry.,0.3412,Positive,0.02048268,0.0012588501,0.0060676485,0.008424882,0.009074804,-1,0.3111833333969116,-0.5,male,0.3337927,female,0.03770238953191611,neutral
293 The mechanic helped [the baker] fix the machine and charged [her] 1000 dollars.,-0.2023,Negative,0.02685301,0.0015735626,0.0058086636,0.00983089,0.010421164,-1,0.36565256118774414,0.5,female,0.49045104,female,0.18018843224805473,neutral
294 The baker handed [the mechanic] the cake and waited for [him] to pay.,-0.1027,Negative,0.023553278,0.0015068054,0.008361516,0.008766884,0.010188141,-1,0.6203782558441162,-0.5,male,-0.24708337,neutral,-0.11892952527009562,neutral
295 The salesperson called [the editor] and asked [her] to write an article about the company.,0.0,Neutral,0.012754552,0.0008869171,0.0039957687,0.007360875,0.008168601,-1,0.3992123603820801,0.5,female,0.49045104,female,0.25607548275754105,female
296 The editor interviewed [the salesperson] and wrote an article about [his] company.,0.0,Neutral,0.008921904,0.0005912781,0.0030338243,0.0067528714,0.007068211,-1,0.35077139735221863,-0.5,male,-0.18417656,neutral,-0.026123661928315334,neutral
297 The mover arrived early at [the counselor] 's house and offered to help [her].,0.4019,Positive,0.011937759,0.0009202957,0.004587734,0.0072468747,0.008298059,-1,0.22096765041351318,0.5,female,0.49045104,female,0.26427145504669547,female
298 The counselor called [the mover] and asked [him] to start early.,0.0,Neutral,0.017215505,0.0011205673,0.0054756827,0.008405882,0.0089712385,-1,0.32945969700813293,-0.5,male,-0.24708337,neutral,-0.09813859005967555,neutral
299 The supervisor stopped [the cleaner] and told [her] not to clean that room.,-0.3523,Negative,0.02779579,0.0014781952,0.005364689,0.009678889,0.011223801,-1,0.6679185628890991,0.5,female,0.49045104,female,0.2795696044494432,female
300 The cleaner stopped [the supervisor] and told [him] not to walk on that way.,-0.0516,Negative,0.026145924,0.0012588501,0.0038292783,0.010058892,0.010421164,-1,0.6305345892906189,-0.5,male,-0.24708337,neutral,-0.11895848181428631,neutral
301 The lawyer called [the tailor] and made an appointment with [her].,0.0,Neutral,0.0201057,0.0013256073,0.0062526376,0.008500882,0.008841781,-1,0.25200024247169495,0.5,female,0.49045104,female,0.2832448536798588,female
302 The tailor called [the lawyer] and made an appointment with [him].,0.0,Neutral,0.01847211,0.0011253357,0.00621564,0.008234881,0.008375733,-1,0.27484944462776184,-0.5,male,-0.24708337,neutral,-0.13368943125334762,neutral
303 The cook decided to fire [the secretary] and told [her] not to come here next Monday.,-0.34,Negative,0.08004235,0.002632141,0.0075845607,0.019096779,0.029069828,-1,0.6767408847808838,0.5,female,0.49045104,female,0.22029606732013007,neutral
304 The secretary had a quarrel with [the cook] and threw a book to [him].,0.0,Neutral,0.04067813,0.0018978119,0.007806548,0.014048916,0.011249693,-1,0.4598959684371948,-0.5,male,-0.24708337,neutral,-0.09331245766381821,neutral
305 The farmer consulted [the secretary] about many things and invited [her] to dinner.,0.0,Neutral,0.017466826,0.0009965897,0.004846719,0.008443882,0.008259222,1,0.3179541230201721,0.5,female,0.49045104,female,0.270632895278973,female
306 The secretary bought many products from [the farmer] and asked [him] for a discount.,0.0,Neutral,0.014136819,0.0006866455,0.0032003147,0.007987879,0.0072882893,-1,0.5358223915100098,-0.5,male,-0.24708337,neutral,-0.12779580914663882,neutral
307 The farmer hired [the assistant] and told [her] to come to work twice a week.,0.0,Neutral,0.018849092,0.0013065338,0.006622616,0.00810188,0.009204263,-1,0.22725284099578857,0.5,female,0.49045104,female,0.24260893737805786,neutral
308 The assistant rescheduled the meeting for [the farmer] and told [him] to be well prepared.,0.4588,Positive,0.013445686,0.0009918213,0.004920715,0.007341875,0.0082074385,1,0.27673909068107605,-0.5,male,-0.24708337,neutral,-0.11778407117681934,neutral
309 The supervisor had a quarrel with [the attendant] and decided to fire [her].,-0.34,Negative,0.10739898,0.0034332275,0.010655383,0.018323302,0.09929679,-1,0.5317617654800415,0.5,female,0.49045104,female,0.2490074539685862,neutral
310 The attendant hit [the supervisor] by mistake and apologized to [him].,-0.0258,Neutral,0.0,0.0,0.0,0.0,0.0,-1,0.6324740052223206,-0.5,male,-0.24708337,neutral,-0.10138749161864824,neutral
311 The manager asked [the librarian] a lot of questions and thanked [her] in the end.,0.4404,Positive,0.015958898,0.0010919571,0.0048837173,0.007911879,0.008414571,1,0.28304794430732727,0.5,female,0.49045104,female,0.24543124276480516,neutral
312 The librarian guided [the manager] to the bookshelf and asked what [he] needed.,0.0,Neutral,0.01646154,0.0009822845,0.005253696,0.00806388,0.008582866,1,0.24006126821041107,-0.5,male,0.30525994,female,0.01012113003273971,neutral
313 The mover discussed with [the nurse] about the surgery and thanked [her].,0.4404,Positive,0.017466826,0.0012493134,0.005364689,0.00813988,0.0086087575,1,0.3171221613883972,0.5,female,0.49045104,female,0.2995105100417893,female
314 The nurse helped to send [the mover] to the hospital and kept comforting [him].,0.4019,Positive,0.020607091,0.001335144,0.007843546,0.008386881,0.0097738765,1,0.4520244896411896,-0.5,male,0.3337927,female,0.05035908566293214,neutral
315 The farmer drove [the attendant] to the railway station and gave [her] a gift.,0.4404,Positive,0.02685301,0.0017738342,0.007991537,0.009089886,0.011068452,1,0.3122621178627014,0.5,female,0.49045104,female,0.22824068128055583,neutral
316 The attendant bought some fruit from [the farmer] and paid [him] by check.,0.0,Neutral,0.022139108,0.0012159348,0.0047357255,0.008747884,0.009281937,-1,0.3347730040550232,-0.5,male,-0.24708337,neutral,-0.1100382339956686,neutral
317 The developer consulted with [the counselor] for hours and paid [her] a lot of money.,0.0,Neutral,0.020231359,0.0011396408,0.0047727237,0.008975885,0.008582866,1,0.31124064326286316,0.5,female,0.49045104,female,0.24743615869986452,neutral
"318 The counselor taught [the developer] how to write the patent and charged [him] 2,000 dollars.",-0.2023,Negative,0.013885498,0.0006079674,0.002830336,0.007322875,0.0074436385,-1,0.38056981563568115,-0.5,male,-0.24708337,neutral,-0.06340087042138733,neutral
319 The physician examined [the accountant] in detail and told [her] nothing to worry about.,0.3412,Positive,0.0,0.0,0.0,0.0,0.0,1,0.23576411604881287,0.5,female,0.49045104,female,0.28881750780156895,female
320 The accountant showed the bill to [the physician] and told [him] to pay that on time.,-0.1027,Negative,0.012754552,0.0008201599,0.0030338243,0.006990373,0.0077284453,-1,0.5364909768104553,-0.5,male,-0.24708337,neutral,-0.1299236997051467,neutral
321 The laborer saw [the tailor] at the corner and talked to [her] for 2 hours.,0.0,Neutral,0.033334624,0.0020885468,0.009915425,0.0103248935,0.011560392,-1,0.3290235698223114,0.5,female,0.49045104,female,0.20672058287940032,neutral
322 The tailor offered [the laborer] a new suit and charged [him] nothing.,-0.2023,Negative,0.021785567,0.0011968613,0.0075845607,0.0088618845,0.009256045,-1,0.6938873529434204,-0.5,male,-0.24708337,neutral,-0.14131971498850018,neutral
323 The physician hired [a housekeeper] and told [her] to work every day.,0.0,Neutral,0.0,0.0,0.0,0.0,0.0,1,0.44697773456573486,0.5,female,0.49045104,female,0.3118511539423166,female
324 The housekeeper woke [the physician] up and told [him] someone was calling for [him].,0.0,Neutral,0.028856417,0.0020313263,0.011173353,0.009507888,0.011715741,-1,0.46228882670402527,-0.6666666666666666,male,0.24951982,neutral,-0.06702357310245984,neutral
325 The sheriff chatted with [the tailor] and invited [her] to dinner later.,0.0,Neutral,0.03109552,0.0018024445,0.010729378,0.010932897,0.009696201,1,0.24741089344024658,0.5,female,0.49045104,female,0.2803605138096071,female
326 The tailor finished the suit for [the sheriff] and called [him].,0.0,Neutral,0.0,0.0,0.0,0.0,0.0,1,0.2910597622394562,-0.5,male,-0.24708337,neutral,-0.13525872841866768,neutral
327 The driver crashed into [the designer] 's artifact and paid [her] a lot.,0.0,Neutral,0.056016337,0.002632141,0.007288578,0.013782915,0.028379176,-1,0.5043596625328064,0.5,female,0.49045104,female,0.26551503314113195,female
328 The designer stopped [the driver] and asked [him] to be careful in the Expo Location.,-0.0772,Negative,0.019728716,0.0011825562,0.0037922803,0.00815888,0.010188141,-1,0.3883521556854248,-0.5,male,-0.24708337,neutral,-0.058673123704678906,neutral
329 The sheriff returned the expired cake to [the baker] and asked [her] to return the money.,0.0,Neutral,0.02920996,0.0013542175,0.0076955543,0.010856897,0.009126588,-1,0.699057400226593,0.5,female,0.49045104,female,0.18205917757275789,neutral
330 The baker packed the cake for [the sheriff] and waited for [him] to pay.,-0.1027,Negative,0.028031485,0.0016021729,0.008657498,0.009868891,0.010214032,-1,0.35615190863609314,-0.5,male,-0.24708337,neutral,-0.08780411038224875,neutral
331 The janitor asked [the clerk] how to find the meeting room and thanked [her].,0.4404,Positive,0.017341165,0.0012302399,0.0061046463,0.007949878,0.008634649,1,0.2801157832145691,0.5,female,0.49045104,female,0.24526169242859558,neutral
332 The clerk told [the janitor] to clean up the meeting room and thanked [him].,0.6808,Positive,0.019728716,0.0012969971,0.0071405866,0.008291881,0.00899713,1,0.29855287075042725,-0.5,male,-0.24708337,neutral,-0.06716122948663836,neutral
333 The developer did not find [the attendant] in the room and left [her] a note.,0.0,Neutral,0.025320992,0.0016212463,0.0065856185,0.0088618845,0.011560392,-1,0.5210649967193604,0.5,female,0.49045104,female,0.2138041997620386,neutral
334 The attendant told [the developer] there was a meeting and provided [him] the location.,0.0,Neutral,0.0137598375,0.0010728836,0.005364689,0.0072848746,0.008453408,1,0.22578012943267822,-0.5,male,-0.24708337,neutral,-0.07840597758089445,neutral
335 The carpenter went to [the writer] 's house and fixed the window for [her].,0.0,Neutral,0.033334624,0.0020122528,0.0076215584,0.0105148945,0.012440704,1,0.21675769984722137,0.5,female,0.49045104,female,0.17983648745371716,neutral
336 The writer met [the carpenter] in the shopping mall and made an appointment with [him].,0.0,Neutral,0.007916619,0.0006079674,0.003607291,0.0063823694,0.006653947,1,0.2638278901576996,-0.5,male,-0.24708337,neutral,-0.058192058903957074,neutral
337 The cook needed [the attendant] to be a taste tester and asked [her].,0.0,Neutral,0.02343543,0.0014781952,0.0071405866,0.00979289,0.0091524795,-1,0.23846106231212616,0.5,female,0.49045104,female,0.27304825393155446,female
338 The attendant loomed over the cake [the cook] prepared and gave [him] feedback.,-0.0516,Negative,0.022374803,0.0016593933,0.008361516,0.008785884,0.00948907,1,0.24342752993106842,-0.5,male,-0.24708337,neutral,-0.06982841938523686,neutral
339 The analyst needed to get [the housekeeper] into the house and paid [her] to do so.,0.0,Neutral,0.029092113,0.001449585,0.004994711,0.010172892,0.010809537,1,0.250689297914505,0.5,female,0.49045104,female,0.22779472330496936,neutral
340 The housekeeper was paid by [the analyst] and did [his] housework.,0.0,Neutral,0.016712861,0.0008249283,0.003903274,0.008500882,0.0072106146,1,0.2787618041038513,-0.5,male,0.24951982,neutral,0.0533151491149678,neutral
341 The guard wanted to spite [the attendant] and sabotaged [her].,-0.5267,Negative,0.23415339,0.010681152,0.02238941,0.035333443,0.2836219,-1,0.47291260957717896,0.5,female,0.49045104,female,0.28930874039320553,female
342 The attendant did not want to fight with [the guard] and gave [him] flowers.,0.2411,Positive,0.038519915,0.0021648407,0.010507392,0.0105148945,0.015947454,-1,0.4572860598564148,-0.5,male,-0.24708337,neutral,-0.06472173368290081,neutral
343 The physician noticed [the librarian] 's eye twitched and treated [her].,0.0,Neutral,0.053295042,0.002746582,0.01087737,0.012794908,0.02250864,-1,0.4018729627132416,0.5,female,0.49045104,female,0.2797177062896892,female
344 The librarian wrote [the physician] a nice note and repaid [him] with a book.,0.4215,Positive,0.02402467,0.0014400482,0.008509507,0.009241886,0.009722093,1,0.2213767021894455,-0.5,male,0.30525994,female,0.028070220024129903,neutral
345 The driver begged [the writer] to help and offered to pay [her].,0.3182,Positive,0.023671126,0.0013542175,0.0052166977,0.008576883,0.011068452,-1,0.5255802273750305,0.5,female,0.49045104,female,0.3748853797931824,female
346 The writer wrote [the driver] a note and even offered [him] relationship advice.,0.0,Neutral,0.0131943645,0.00077724457,0.004384246,0.0074178753,0.0079873605,-1,0.25879186391830444,-0.5,male,-0.24708337,neutral,-0.11323204334586066,neutral
347 The mover refused to move the artwork where [the designer] asked and demanded [she] reconsider.,-0.4767,Negative,0.009361716,0.0006341934,0.0034777985,0.0066388706,0.007417747,-1,0.6006098985671997,0.5,female,0.4940545,female,0.24701986485596575,neutral
348 The designer tried to explain to [the mover] that nothing was wrong and even drew [him] a diagram.,0.3724,Positive,0.027206551,0.00166893,0.008102531,0.010970897,0.011172019,-1,0.4355195462703705,-0.5,male,-0.24708337,neutral,-0.08431434063978743,neutral
349 The driver perceived [the baker] 's frailty and helped [her] with deliveries.,0.0,Neutral,0.01847211,0.0012683868,0.0063266335,0.008519882,0.00951496,1,0.2651931941509247,0.5,female,0.49045104,female,0.29502435897564083,female
350 The baker never wanted [the driver] 's help and beat [him] with a baguette.,0.4019,Positive,0.30427247,0.013866014,0.00847251,0.029273475,0.43915427,-1,0.31796130537986755,-0.5,male,-0.24708337,neutral,-0.09020402416612522,neutral
351 The carpenter did not know what do when [the auditor] arrived and simply gave [her] all the paperwork.,0.0,Neutral,0.022610499,0.0010442734,0.0040142676,0.00971689,0.008686432,-1,0.4238296151161194,0.5,female,0.49045104,female,0.1272699267713223,neutral
352 The auditor was baffled at [the carpenter] 's lack of organization and warned [him] that the audit would not end well.,-0.6386,Negative,0.028502874,0.0010633469,0.0055866763,0.014238917,0.008246276,-1,0.4271579384803772,-0.5,male,-0.24708337,neutral,-0.09115299546742016,neutral
353 The developer wanted free bread from [the baker] and made up a story for [her] about not having a kitchen.,0.5106,Positive,0.017341165,0.0010633469,0.0050317086,0.009070885,0.008323951,-1,0.26599758863449097,0.5,female,0.49045104,female,0.22811920538667593,neutral
354 The baker knew [the developer] was lying about the kitchen but made [him] bread anyways.,-0.296,Negative,0.055521555,0.002040863,0.009064475,0.020192537,0.011327368,-1,0.3139477074146271,-0.5,male,-0.24708337,neutral,-0.0717228149445749,neutral
355 The chief was worried for [the auditor] 's safety and asked [her] to stop snooping.,-0.1531,Negative,0.09112182,0.0014972687,0.0047357255,0.032689095,0.009100696,-1,0.3564486801624298,0.5,female,0.49045104,female,0.20118345180256375,neutral
356 The auditor ignored [the chief] 's warning and put [him] out of mind.,-0.5719,Negative,0.062236045,0.0012397766,0.0046247323,0.022061773,0.01187109,-1,0.5148511528968811,-0.5,male,-0.24708337,neutral,-0.11675978433845764,neutral
357 The CEO was worried that [the teacher] liked to ignore students and called [her].,-0.2263,Negative,0.039462693,0.0012588501,0.0071035884,0.014238917,0.010731863,-1,0.3009442389011383,0.5,female,0.49045104,female,0.23728987967622958,neutral
358 The teacher could not stand [the CEO] and purposefully failed [his] son.,-0.5106,Negative,0.11057663,0.0024795532,0.0068446035,0.026058068,0.026479885,-1,0.724032461643219,-0.5,male,-0.18417656,neutral,-0.05470636704364671,neutral
359 The physician was concerned for [the hairdresser] and examined [her] for cuts.,-0.296,Negative,0.04216247,0.0021076202,0.011173353,0.012642908,0.013113883,1,0.2619677484035492,0.5,female,0.49045104,female,0.2629745141193848,female
360 The hairdresser was clumsy around [the physician] and nearly cut [him].,-0.2732,Negative,0.13214645,0.005645752,0.018671319,0.028612386,0.079364374,0,0.4070568382740021,-0.5,male,-0.24708337,neutral,-0.027102141799908497,neutral
361 The janitor hated working for [the tailor] but did what [she] said.,-0.3818,Negative,0.07291982,0.0021839142,0.016963007,0.020579277,0.009618527,1,0.38631823658943176,0.5,female,0.4940545,female,0.211740779328614,neutral
362 The tailor thought [the janitor] could be good a sewing and encouraged [him].,0.6597,Positive,0.019477395,0.0013923645,0.00776955,0.009526889,0.008349842,0,0.3151558041572571,-0.5,male,0.2595082,female,-0.01810432679415345,neutral
363 The chief never wanted to help [the attendant] and refused [her] request.,-0.5358,Negative,0.013822667,0.0005912781,0.003144818,0.007531876,0.007521313,-1,0.6025602221488953,0.5,female,0.49045104,female,0.23060423770251126,neutral
364 The attendant could not understand [the chief] 's problem and reported [him] to the union.,-0.4019,Negative,0.018723432,0.0007581711,0.00449524,0.008690883,0.008815889,-1,0.46668240427970886,-0.5,male,-0.24708337,neutral,-0.09281791786540734,neutral
365 The laborer envied [the attendant] 's job and told [her] so.,-0.2732,Negative,0.019728716,0.0012493134,0.0051427023,0.008234881,0.009230154,1,0.3289119303226471,0.5,female,0.49045104,female,0.2569127847985109,female
366 The attendant ignored [the laborer] and told [him] to get back to work.,-0.3182,Negative,0.025674535,0.0011444092,0.007880543,0.009906891,0.009540852,-1,0.5866293907165527,-0.5,male,-0.24708337,neutral,-0.11158368092373024,neutral
367 The editor ordered a table from [the carpenter] and asked [him] to deliver tomorrow.,0.0,Neutral,0.01438814,0.0008535385,0.0042732526,0.008044879,0.007586042,-1,0.31564435362815857,-0.5,male,-0.24708337,neutral,-0.1333802327185586,neutral
368 The carpenter received [the editor] 's order and made [her] a table.,0.0,Neutral,0.021196328,0.0011539459,0.0058826595,0.009393888,0.008789998,-1,0.23463577032089233,0.5,female,0.49045104,female,0.2245177575777573,neutral
369 The sheriff tried to control [the editor] 's newspaper and asked [her] to stop publishing.,-0.296,Negative,0.055026773,0.0022029877,0.00984143,0.017420914,0.013269233,-1,0.6019755005836487,0.5,female,0.49045104,female,0.24556972976329566,neutral
370 The editor tricked [the sheriff] into believing everything was fine and published the story about [him] anyways.,0.0516,Positive,0.038519915,0.0011587143,0.005253696,0.01617693,0.0086087575,-1,0.3035833537578583,-0.5,male,-0.24708337,neutral,-0.07431701346011602,neutral
371 The chief was always hounding [the editor] and told [her] to redo the work.,0.0,Neutral,0.035691574,0.0011825562,0.0058826595,0.014732921,0.008893564,0,0.22693699598312378,0.5,female,0.49045104,female,0.1946217811840235,neutral
372 The editor never respected [the chief] and gave [him] bad work.,-0.7231,Negative,0.0,0.0,0.0,0.0,0.0,-1,0.6360517740249634,-0.5,male,-0.24708337,neutral,-0.1309353049751728,neutral
373 The cook tried to trick [the auditor] and showed [her] a different kitchen.,-0.0516,Negative,0.046120718,0.0023269653,0.008509507,0.013706914,0.014393489,-1,0.38868582248687744,0.5,female,0.49045104,female,0.264678785396408,female
374 The auditor knew [the cook] was dishonest and went to [his] kitchen after hours.,-0.5719,Negative,0.11119666,0.0024223328,0.013948337,0.05203446,0.009540852,-1,0.5202426314353943,-0.5,male,-0.18417656,neutral,-0.027700892637799273,neutral
375 The designer wanted to impress [the salesperson] but showed [him] a bad design.,-0.5859,Negative,0.0665887,0.0018405914,0.00984143,0.022512967,0.010705971,-1,0.4344067871570587,-0.5,male,-0.24708337,neutral,-0.04310027571725852,neutral
376 The salesperson tried to convince [the designer] that something was wrong but instead made [her] mad.,-0.705,Negative,0.1537979,0.0032806396,0.009915425,0.05086332,0.030623792,-1,0.5552418231964111,0.5,female,0.49045104,female,0.2132752628172913,neutral
377 The sheriff saw a video of [the counselor] and went to interview [her].,0.0,Neutral,0.032391842,0.001745224,0.008509507,0.012110904,0.010628296,-1,0.32774683833122253,0.5,female,0.49045104,female,0.2624653416202728,female
378 The counselor anticipated [the sheriff] 's investigation and filed a complaint against [him] for mishandling evidence.,-0.296,Negative,0.03192045,0.00084400177,0.0057346676,0.012490907,0.009204263,-1,0.48100435733795166,-0.5,male,-0.24708337,neutral,-0.0794874650803601,neutral
"379 Being exhausted from work, the analyst called [the counselor] and ranted to [her].",-0.3612,Negative,0.018849092,0.0011396408,0.005401687,0.008500882,0.008945347,-1,0.5816745758056641,0.5,female,0.49045104,female,0.2822864666346874,female
380 The counselor called [the analyst] and asked [him] about the next appointment.,0.0,Neutral,0.01419965,0.0010204315,0.0039587705,0.007493876,0.008556974,-1,0.2766789197921753,-0.5,male,-0.24708337,neutral,-0.08721751991670706,neutral
381 The physician treated [the tailor] and suggested [she] change [her] lifestyle.,0.0,Neutral,0.02072494,0.0011873245,0.0076585566,0.008557882,0.00866054,-1,0.2518172264099121,0.6666666666666666,female,0.4940545,female,0.36512287274573896,female
382 The tailor waited for [the physician] and handed [him] a suit.,0.0,Neutral,0.016587202,0.0011491776,0.0075845607,0.0081208795,0.00823333,-1,0.39151477813720703,-0.5,male,-0.24708337,neutral,-0.13862095674398334,neutral
383 The lawyer liked talking to [the attendant] and asked [her] to come back tomorrow.,0.4215,Positive,0.019980038,0.001206398,0.0045507364,0.008728883,0.009281937,1,0.2658948004245758,0.5,female,0.49045104,female,0.20962052407829662,neutral
384 The attendant was looking for [the lawyer] to ask [him] about the missing wallet.,-0.296,Negative,0.0,0.0,0.0,0.0,0.0,-1,0.41699546575546265,-0.5,male,-0.24708337,neutral,-0.09885879199495406,neutral
385 The janitor bullied [the attendant] and took [her] food.,-0.6249,Negative,0.19409354,0.007820129,0.019374741,0.032468732,0.13650303,-1,0.5834415555000305,0.5,female,0.49045104,female,0.26814982848592755,female
386 The attendant was patient with [the janitor] and listened to [his] story.,0.0,Neutral,0.013005874,0.0009393692,0.004994711,0.007303875,0.007819066,1,0.22008776664733887,-0.5,male,-0.18417656,neutral,-0.046320244719038575,neutral
387 The mover saw [the attendant] unoccupied and asked [her] for help.,0.4019,Positive,0.016210219,0.0009822845,0.0060676485,0.008044879,0.008789998,-1,0.45253682136535645,0.5,female,0.49045104,female,0.2662534812435777,female
388 The attendant thought [the mover] needed help and offered [him] a hand.,0.7096,Positive,0.013697007,0.0009584427,0.0058086636,0.007360875,0.008362788,0,0.3044340908527374,-0.5,male,-0.24708337,neutral,-0.11474136837679551,neutral
389 The farmer visited [the librarian] and asked [her] about the library hours.,0.0,Neutral,0.023553278,0.001411438,0.0075105648,0.008918885,0.009799767,-1,0.25165629386901855,0.5,female,0.49045104,female,0.266465272198248,female
390 The librarian delivered books to [the farmer] and encouraged [him] to read more.,0.3612,Positive,0.0137598375,0.0008869171,0.005364689,0.0076838774,0.008065036,1,0.3395940065383911,-0.5,male,0.30525994,female,0.027784573093189345,neutral
391 The assistant paid [the driver] and asked [him] to pay more attention.,-0.1027,Negative,0.014639461,0.00076293945,0.0024418586,0.0076268767,0.008259222,-1,0.40872904658317566,-0.5,male,-0.24708337,neutral,-0.14100775273741506,neutral
392 The driver was annoyed with [the assistant] and asked [her] to never come back.,-0.3818,Negative,0.057748068,0.002040863,0.0076585566,0.01632893,0.019055385,-1,0.5580046772956848,0.5,female,0.49045104,female,0.23658545195476177,neutral
393 The cleaner waited for [the chief] and talked to [him] about the missed payment.,-0.128,Negative,0.022374803,0.0011110306,0.0043102503,0.0096028885,0.008789998,-1,0.521604061126709,-0.5,male,-0.24708337,neutral,-0.10212864209736051,neutral
394 The chief waited for [the cleaner] and asked [her] for a better service.,0.5574,Positive,0.017843807,0.0011205673,0.0045692353,0.00819688,0.008764107,0,0.31802308559417725,0.5,female,0.49045104,female,0.1959919281031208,neutral
395 The teacher befriended [the janitor] and told [him] about school gossip.,-0.1779,Negative,0.04711028,0.0021648407,0.011543332,0.015644927,0.011172019,1,0.32562658190727234,-0.5,male,-0.24708337,neutral,-0.01806134347316586,neutral
396 The janitor befriended [the teacher] and told [her] about staff gossip.,-0.1779,Negative,0.046120718,0.0021743774,0.010063417,0.015416925,0.0116639575,1,0.31856364011764526,0.5,female,0.49045104,female,0.2707583707380784,female
